data_comp,model,item_feat,user_feat,layer_size_list,embedding_size,learning_rate,epochs,Acc@1,Acc@5,Acc@10,Acc@50,Acc@100,MeanAcc,RMSE,Coverage,Personalisation,Novelty,ColdProb,ColdAcc@10,ColdAcc@50,ColdAcc@100,Training Time,Evaluation Time
(batch size 2048 / 4096)
UsersEmotions,2tnn_results,No,No,[16],16,0.01,5,0.1576,1.9023,4.6038,20.4187,32.5867,11.9338,0.3478,6.97,65.0,5.15,0.0,0.0,0.0,0.0,25.4062,7.5156
UsersEmotions,2tnn_results,No,No,[16],16,0.1,7,0.3377,2.5101,5.3579,21.8933,34.8154,12.9829,0.1828,49.38,98.0,7.63,0.0,0.0,0.0,0.0,33.8593,7.6563
UsersEmotions,2tnn_results,No,No,[16],16,0.2,5,0.2814,1.9248,4.1198,19.597,31.9788,11.5804,0.1828,45.44,98.0,7.78,0.0,0.0,0.0,0.0,24.625,7.4063
UsersEmotions,2tnn_results,No,No,[32],16,0.01,6,0.439,2.4989,5.0653,21.0153,33.6785,12.5394,0.2105,8.21,70.0,5.38,0.0,0.0,0.0,0.0,29.8125,7.9294
UsersEmotions,2tnn_results,No,No,[32],16,0.1,5,0.3039,2.24,4.7051,20.6889,34.3652,12.4606,0.1945,35.33,97.0,7.54,0.0,0.0,0.0,0.0,24.4218,7.4219
UsersEmotions,2tnn_results,No,No,[32],16,0.2,5,0.2364,2.1162,4.2661,18.584,31.6299,11.3665,0.1958,47.79,98.0,7.97,0.0,0.0,0.0,0.0,25.5312,7.4531
UsersEmotions,2tnn_results,Yes,No,[16],16,0.01,19,0.5516,2.814,5.2454,20.9365,32.294,12.3683,0.2029,23.79,96.0,7.0,0.0142,0.0,0.0,0.3509,136.2655,8.0312
UsersEmotions,2tnn_results,Yes,No,[16],16,0.1,4,0.6078,3.3206,6.9563,24.1108,36.0311,14.2053,0.2024,30.87,97.0,7.02,0.0217,0.0,0.3509,1.0526,31.159,8.1094
UsersEmotions,2tnn_results,Yes,No,[16],16,0.2,4,0.5065,2.769,5.3467,22.1747,34.9505,13.1495,0.1927,41.33,97.0,7.28,0.0,0.0,0.1754,0.3509,31.2344,8.0156
UsersEmotions,2tnn_results,Yes,No,[32],16,0.01,5,0.4728,2.285,4.9302,18.5277,27.9604,10.8352,0.2429,15.95,88.0,6.57,0.1367,0.0,0.3509,3.1579,37.94,8.0313
UsersEmotions,2tnn_results,Yes,No,[32],16,0.1,5,0.3827,3.4444,6.7875,24.3134,37.4719,14.48,0.201,49.64,98.0,7.27,0.0042,0.0,0.1754,0.5263,38.1093,8.0469
UsersEmotions,2tnn_results,Yes,No,[32],16,0.2,13,0.1914,1.6772,3.7371,19.7321,33.566,11.7807,0.1555,71.13,99.0,7.77,0.0033,0.0,0.0,0.0,93.878,7.9531
UsersEmotions,2tnn_results,No,Yes,[16],16,0.01,7,0.1914,1.8348,3.647,13.1247,21.9833,8.1562,0.2531,10.82,81.0,6.59,0.0,0.0,0.0,0.0,32.7812,12.0
UsersEmotions,2tnn_results,No,Yes,[16],16,0.1,9,0.4615,2.8366,5.403,22.4111,35.986,13.4196,0.18,66.77,99.0,7.98,0.0,0.0,0.0,0.0,41.9062,11.9219
UsersEmotions,2tnn_results,No,Yes,[16],16,0.2,6,0.3715,1.9698,4.6713,20.5425,33.4534,12.2017,0.182,64.97,99.0,7.96,0.0,0.0,0.0,0.0,28.1718,12.0937
UsersEmotions,2tnn_results,No,Yes,[32],16,0.01,3,0.4052,2.2287,4.2548,13.0234,18.2688,7.6362,0.3774,11.54,69.0,5.41,0.0233,0.0,0.0,1.0526,14.9531,11.9844
UsersEmotions,2tnn_results,No,Yes,[32],16,0.1,14,0.2927,1.9361,4.5925,21.6794,35.6258,12.8253,0.1671,76.62,99.0,7.92,0.0,0.0,0.0,0.0,64.1978,11.9375
UsersEmotions,2tnn_results,No,Yes,[32],16,0.2,20,0.2026,1.4408,3.3656,19.6421,33.8361,11.6974,0.15,77.69,99.0,8.0,0.0,0.0,0.0,0.0,90.736,11.9219
UsersEmotions,2tnn_results,Yes,Yes,[16],16,0.01,8,0.439,2.8028,5.403,18.9554,28.647,11.2494,0.2209,20.46,92.0,6.65,0.0308,0.0,0.3509,0.8772,58.4843,12.5937
UsersEmotions,2tnn_results,Yes,Yes,[16],16,0.1,5,0.5741,3.4444,6.9676,24.8874,36.9653,14.5678,0.1958,50.31,98.0,7.31,0.0,0.0,0.0,0.3509,37.9999,12.5312
UsersEmotions,2tnn_results,Yes,Yes,[16],16,0.2,20,0.1801,1.6884,3.7708,20.9253,35.8735,12.4876,0.1498,77.49,99.0,7.91,0.0,0.0,0.0,0.0,141.7519,12.5156
UsersEmotions,2tnn_results,Yes,Yes,[32],16,0.01,6,0.439,2.8253,5.3242,18.5277,28.1968,11.0626,0.2103,23.69,91.0,6.56,0.0508,0.0,0.8772,3.1579,45.1249,12.6094
UsersEmotions,2tnn_results,Yes,Yes,[32],16,0.1,5,0.5741,3.5232,6.3035,23.1202,35.0855,13.7213,0.1966,57.49,98.0,7.39,0.0,0.0,0.1754,0.8772,38.0646,12.5
UsersEmotions,2tnn_results,Yes,Yes,[32],16,0.2,20,0.1126,1.4295,3.7821,20.385,35.457,12.2332,0.1501,77.44,99.0,7.92,0.0017,0.0,0.0,0.0,143.1281,12.4844
UsersEmotions,2tnn_results,No,No,[16],32,0.01,4,0.5628,3.0167,4.8627,19.8109,32.8231,12.2152,0.3164,11.54,63.0,5.2,0.0075,0.0,0.0,0.0,19.125,7.5781
UsersEmotions,2tnn_results,No,No,[16],32,0.1,4,0.3039,2.6902,5.5268,22.67,35.3219,13.3026,0.2011,32.62,97.0,7.3,0.0,0.0,0.0,0.0,19.5469,7.4531
UsersEmotions,2tnn_results,No,No,[16],32,0.2,5,0.2364,1.9586,4.1986,18.9442,31.5398,11.3755,0.1757,54.41,98.0,7.72,0.0,0.0,0.0,0.0,23.9375,7.4531
UsersEmotions,2tnn_results,No,No,[32],32,0.01,7,0.6529,2.5777,5.1103,22.5011,33.7573,12.9199,0.2076,9.33,86.0,6.84,0.0,0.0,0.0,0.0,32.625,7.5469
UsersEmotions,2tnn_results,No,No,[32],32,0.1,4,0.4052,2.5101,4.9415,21.837,34.8267,12.9041,0.1991,33.64,97.0,7.34,0.0,0.0,0.0,0.0,19.375,7.4688
UsersEmotions,2tnn_results,No,No,[32],32,0.2,4,0.1351,1.5871,3.163,16.6141,28.692,10.0383,0.1976,45.28,97.0,7.92,0.0,0.0,0.0,0.0,19.6719,7.4375
UsersEmotions,2tnn_results,Yes,No,[16],32,0.01,12,0.394,2.2963,5.493,21.2629,33.1382,12.5169,0.2067,21.49,95.0,7.12,0.0033,0.0,0.0,0.3509,86.6322,8.375
UsersEmotions,2tnn_results,Yes,No,[16],32,0.1,4,0.5178,3.0279,6.2697,24.077,36.8978,14.158,0.2023,37.33,97.0,7.15,0.0,0.0,0.1754,0.7018,30.8125,8.3281
UsersEmotions,2tnn_results,Yes,No,[16],32,0.2,5,0.2364,1.9698,4.7163,20.1711,32.733,11.9653,0.1898,58.0,98.0,7.72,0.0,0.0,0.0,0.1754,38.1718,8.0937
UsersEmotions,2tnn_results,Yes,No,[32],32,0.01,14,0.5065,2.724,5.7744,21.792,33.4084,12.8411,0.204,28.77,96.0,7.22,0.0267,0.0,0.1754,0.5263,100.9406,8.1406
UsersEmotions,2tnn_results,Yes,No,[32],32,0.1,4,0.4953,3.0279,6.0783,23.4129,36.2787,13.8586,0.2039,41.95,98.0,7.23,0.0058,0.0,0.3509,0.7018,31.0958,8.0937
UsersEmotions,2tnn_results,Yes,No,[32],32,0.2,6,0.1126,1.6096,3.9284,17.7398,29.8402,10.6461,0.1843,62.51,99.0,7.82,0.0,0.0,0.3509,0.5263,45.1562,8.1094
UsersEmotions,2tnn_results,No,Yes,[16],32,0.01,19,0.4953,2.6452,5.0315,19.7096,31.9226,11.9608,0.1956,34.31,97.0,7.71,0.0,0.0,0.0,0.0,85.9218,12.0625
UsersEmotions,2tnn_results,No,Yes,[16],32,0.1,5,0.5065,2.9604,5.8532,22.7938,35.063,13.4354,0.1908,53.85,98.0,7.54,0.0,0.0,0.0,0.0,24.1406,11.9844
UsersEmotions,2tnn_results,No,Yes,[16],32,0.2,20,0.1126,1.0806,2.9829,19.4282,34.7704,11.6749,0.148,77.85,99.0,7.89,0.0,0.0,0.0,0.0,90.9999,12.0
UsersEmotions,2tnn_results,No,Yes,[32],32,0.01,20,0.5741,2.6452,5.1216,18.7641,30.0991,11.4408,0.201,48.05,98.0,7.73,0.0,0.0,0.0,0.0,90.8593,12.0
UsersEmotions,2tnn_results,No,Yes,[32],32,0.1,4,0.6078,3.1517,6.0896,23.2778,36.0086,13.8271,0.2014,41.69,97.0,7.26,0.0,0.0,0.0,0.0,19.9844,12.0781
UsersEmotions,2tnn_results,No,Yes,[32],32,0.2,20,0.0563,0.7204,2.4876,17.7285,32.2602,10.6506,0.1505,77.59,99.0,7.95,0.0,0.0,0.0,0.0,91.6093,11.9844
UsersEmotions,2tnn_results,Yes,Yes,[16],32,0.01,20,0.6529,3.9397,6.8438,23.1427,34.579,13.8316,0.1931,45.38,98.0,7.31,0.0008,0.0,0.0,0.0,143.0976,12.6406
UsersEmotions,2tnn_results,Yes,Yes,[16],32,0.1,4,0.529,3.3994,6.5286,24.5047,36.5939,14.3111,0.2034,44.56,98.0,7.21,0.0,0.0,0.0,0.5263,31.2656,12.6094
UsersEmotions,2tnn_results,Yes,Yes,[16],32,0.2,20,0.1801,1.4295,3.6357,20.0135,34.489,11.9496,0.1481,77.08,99.0,7.89,0.0,0.0,0.0,0.0,143.439,12.6094
UsersEmotions,2tnn_results,Yes,Yes,[32],32,0.01,4,0.4052,2.8703,5.8645,19.9009,29.8514,11.7785,0.2942,20.15,89.0,6.3,0.1508,0.0,1.2281,5.0877,31.5625,12.9062
UsersEmotions,2tnn_results,Yes,Yes,[32],32,0.1,5,0.4052,2.7353,5.6956,21.9045,34.6803,13.0842,0.1981,58.77,98.0,7.42,0.0,0.0,0.0,0.3509,38.2686,12.9687
UsersEmotions,2tnn_results,Yes,Yes,[32],32,0.2,20,0.09,0.7654,2.2963,17.796,32.0914,10.6078,0.1505,77.49,99.0,7.92,0.0,0.0,0.1754,0.3509,144.3444,12.6406
UsersEmotions,2tnn_results,No,No,[16],64,0.01,6,0.4953,2.3188,4.5362,22.1972,34.6128,12.8321,0.2253,9.08,88.0,6.71,0.0,0.0,0.0,0.0,28.5781,9.7031
UsersEmotions,2tnn_results,No,No,[16],64,0.1,4,0.3152,2.3413,5.0428,21.2967,34.2526,12.6497,0.1962,36.97,97.0,7.33,0.0,0.0,0.0,0.0,20.0312,9.7187
UsersEmotions,2tnn_results,No,No,[16],64,0.2,20,0.0788,1.0356,2.8478,18.7866,32.3053,11.0108,0.1488,76.36,99.0,7.97,0.0,0.0,0.0,0.0,91.9843,9.9062
UsersEmotions,2tnn_results,No,No,[32],64,0.01,4,0.4502,2.6565,4.9752,23.3904,36.4025,13.575,0.2752,10.36,71.0,5.37,0.0008,0.0,0.0,0.0,19.6562,9.75
UsersEmotions,2tnn_results,No,No,[32],64,0.1,4,0.3039,2.3413,4.9527,21.5781,34.4214,12.7195,0.1974,39.9,97.0,7.23,0.0,0.0,0.0,0.0,20.0625,9.7031
UsersEmotions,2tnn_results,No,No,[32],64,0.2,20,0.0,0.4615,1.4971,15.4322,29.9865,9.4755,0.1492,76.87,99.0,7.8,0.0,0.0,0.0,0.0,91.828,9.6719
UsersEmotions,2tnn_results,Yes,No,[16],64,0.01,18,0.4728,2.9941,6.1121,21.8933,34.4439,13.1833,0.2012,35.54,97.0,7.29,0.0,0.0,0.1754,0.1754,130.1274,10.5313
UsersEmotions,2tnn_results,Yes,No,[16],64,0.1,4,0.394,2.9379,6.2472,23.4692,36.8978,13.9892,0.2031,41.69,98.0,7.13,0.0008,0.0,0.0,0.1754,31.2656,10.2812
UsersEmotions,2tnn_results,Yes,No,[16],64,0.2,20,0.1013,0.9793,2.724,18.3814,31.9676,10.8307,0.1459,75.79,99.0,7.98,0.0,0.0,0.0,0.0,145.0293,10.4844
UsersEmotions,2tnn_results,Yes,No,[32],64,0.01,8,0.4052,2.5439,5.5718,22.6812,34.7479,13.19,0.208,27.03,96.0,7.1,0.0092,0.0,0.1754,0.7018,59.5781,10.6562
UsersEmotions,2tnn_results,Yes,No,[32],64,0.1,4,0.3039,2.5889,5.2454,22.7037,35.3782,13.244,0.2011,46.26,98.0,7.31,0.0033,0.0,0.0,0.1754,31.3437,10.6562
UsersEmotions,2tnn_results,Yes,No,[32],64,0.2,17,0.0225,0.5516,1.9361,16.2877,30.6506,9.8897,0.1523,75.9,99.0,7.89,0.0,0.0,0.0,0.0,123.6092,10.2969
UsersEmotions,2tnn_results,No,Yes,[16],64,0.01,16,0.5065,3.1405,5.8532,21.0941,32.8906,12.697,0.2032,39.33,97.0,7.37,0.0,0.0,0.0,0.0,74.1093,14.2656
UsersEmotions,2tnn_results,No,Yes,[16],64,0.1,4,0.5741,3.0279,5.9658,23.0414,35.2882,13.5795,0.1993,44.72,98.0,7.3,0.0,0.0,0.0,0.0,20.0156,14.2344
UsersEmotions,2tnn_results,No,Yes,[16],64,0.2,20,0.0675,1.1144,3.0842,18.7753,32.9919,11.2067,0.1474,76.41,99.0,8.0,0.0,0.0,0.0,0.0,92.2811,14.2031
UsersEmotions,2tnn_results,No,Yes,[32],64,0.01,9,0.4615,2.9041,5.9208,21.4318,32.4516,12.6339,0.2066,34.31,97.0,7.33,0.0,0.0,0.0,0.0,42.7499,14.2812
UsersEmotions,2tnn_results,No,Yes,[32],64,0.1,5,0.2251,2.0261,4.5137,20.1148,32.5416,11.8843,0.1942,65.79,99.0,7.72,0.0,0.0,0.0,0.0,24.7343,14.3281
UsersEmotions,2tnn_results,No,Yes,[32],64,0.2,18,0.0338,0.8555,2.3188,16.1526,30.2566,9.9235,0.1505,77.28,99.0,7.97,0.0,0.0,0.0,0.0,83.578,14.2812
UsersEmotions,2tnn_results,Yes,Yes,[16],64,0.01,12,0.6078,3.3994,6.326,22.4448,34.9054,13.5367,0.2041,37.49,97.0,7.32,0.0,0.0,0.0,0.0,88.3284,15.125
UsersEmotions,2tnn_results,Yes,Yes,[16],64,0.1,4,0.439,3.2193,6.3935,24.1445,36.7627,14.1918,0.1985,49.33,98.0,7.28,0.0,0.0,0.0,0.3509,31.4062,14.8281
UsersEmotions,2tnn_results,Yes,Yes,[16],64,0.2,20,0.1351,1.1932,3.1742,19.2368,33.6785,11.4836,0.1492,76.97,99.0,7.97,0.0,0.0,0.0,0.1754,145.828,15.0937
UsersEmotions,2tnn_results,Yes,Yes,[32],64,0.01,18,0.5628,3.4782,6.7087,23.1202,35.7271,13.9194,0.2008,59.79,98.0,7.35,0.0,0.0,0.0,0.0,131.0467,15.2969
UsersEmotions,2tnn_results,Yes,Yes,[32],64,0.1,4,0.4728,2.8703,5.932,22.7262,34.6916,13.3386,0.2006,47.23,98.0,7.44,0.0,0.0,0.0,0.1754,31.7968,15.25
UsersEmotions,2tnn_results,Yes,Yes,[32],64,0.2,20,0.0563,0.9343,2.724,18.5164,32.6092,10.968,0.1474,76.82,99.0,7.93,0.0,0.0,0.0,0.0,146.078,14.8437
UsersAll,2tnn_results,No,No,[16],16,0.01,3,0.5305,2.7721,4.7116,16.8831,26.2898,10.2374,0.1894,7.81,57.99999999999999,4.88,0.0042,0.0,0.0,0.0,81.6195,12.25
UsersAll,2tnn_results,No,No,[16],16,0.1,9,0.3629,2.5511,5.2495,21.7587,35.2176,13.0279,0.1426,68.1,99.0,6.3,0.0,0.0,0.0,0.0,239.4926,12.1562
UsersAll,2tnn_results,No,No,[16],16,0.2,20,0.3058,2.0943,4.6932,21.5026,35.7776,12.8747,0.1269,78.77,99.0,6.5,0.0,0.0,0.0,0.0,519.7025,11.4062
UsersAll,2tnn_results,No,No,[32],16,0.01,3,0.4107,2.4092,4.0743,16.6455,27.6068,10.2293,0.1893,8.21,56.00000000000001,4.87,0.0017,0.0,0.0238,0.0238,77.4224,11.375
UsersAll,2tnn_results,No,No,[32],16,0.1,7,0.4218,2.6432,5.2845,21.8121,35.2453,13.0814,0.1469,67.1,99.0,6.21,0.0,0.0,0.0,0.0,181.501,11.7187
UsersAll,2tnn_results,No,No,[32],16,0.2,7,0.4015,2.4921,5.0763,21.4455,34.9192,12.867,0.1397,66.6,99.0,6.25,0.0,0.0,0.0,0.0,181.6963,11.4375
UsersAll,2tnn_results,Yes,No,[16],16,0.01,3,0.2855,1.4035,2.7776,13.6634,25.3025,8.6865,0.1864,10.52,80.0,5.83,0.0358,0.0,0.1191,0.3573,123.5155,13.1719
UsersAll,2tnn_results,Yes,No,[16],16,0.1,6,0.3997,2.6284,5.4429,22.361,35.9212,13.3506,0.1454,67.5,99.0,6.24,0.0017,0.0,0.0476,0.1667,244.3913,13.125
UsersAll,2tnn_results,Yes,No,[16],16,0.2,6,0.4052,2.5437,5.2937,22.0902,35.7702,13.2206,0.1415,69.0,99.0,6.25,0.0,0.0,0.0238,0.0953,245.4776,13.0781
UsersAll,2tnn_results,Yes,No,[32],16,0.01,20,0.4126,2.4516,4.9585,19.2555,30.9075,11.5971,0.1604,53.28,98.0,6.04,0.0817,0.0238,0.4288,1.2625,817.6837,13.0937
UsersAll,2tnn_results,Yes,No,[32],16,0.1,7,0.3536,2.5198,5.2624,22.1252,35.9433,13.2409,0.1463,72.46,99.0,6.32,0.0008,0.0,0.0715,0.2859,288.1374,13.125
UsersAll,2tnn_results,Yes,No,[32],16,0.2,6,0.3205,2.3724,4.9824,21.3295,34.9487,12.7907,0.1425,71.11,99.0,6.31,0.0,0.0,0.0476,0.2144,247.7204,13.1406
UsersAll,2tnn_results,No,Yes,[16],16,0.01,3,0.0553,0.4163,1.2875,10.5561,22.0202,6.8671,0.1885,7.01,62.0,6.37,0.005,0.0,0.0,0.0238,77.328,16.2656
UsersAll,2tnn_results,No,Yes,[16],16,0.1,6,0.4034,2.7095,5.4668,22.1878,35.6947,13.2924,0.1474,67.45,99.0,6.24,0.0,0.0,0.0,0.0,156.6483,16.1072
UsersAll,2tnn_results,No,Yes,[16],16,0.2,12,0.3389,2.2674,4.8387,21.6518,35.7168,12.9627,0.1329,77.22,99.0,6.45,0.0,0.0,0.0,0.0,311.8099,15.9531
UsersAll,2tnn_results,No,Yes,[32],16,0.01,3,0.0516,0.5213,1.4312,10.5119,21.79,6.8612,0.1862,6.91,62.0,6.28,0.0008,0.0,0.0,0.0238,78.5311,15.9687
UsersAll,2tnn_results,No,Yes,[32],16,0.1,8,0.42,2.5013,5.2145,22.0202,35.8605,13.2033,0.1439,73.11,99.0,6.33,0.0,0.0,0.0,0.0,209.5779,15.9687
UsersAll,2tnn_results,No,Yes,[32],16,0.2,20,0.2045,1.7775,4.1628,21.1656,36.041,12.6702,0.1277,80.22,99.0,6.54,0.0,0.0,0.0,0.0,520.1869,15.9531
UsersAll,2tnn_results,Yes,Yes,[16],16,0.01,3,0.4034,1.6522,3.507,15.5643,27.045,9.6344,0.1859,11.97,79.0,5.62,0.0058,0.0238,0.0238,0.1191,124.7835,17.6875
UsersAll,2tnn_results,Yes,Yes,[16],16,0.1,6,0.42,2.6855,5.5037,22.1105,35.6228,13.2685,0.15,65.65,99.0,6.23,0.0,0.0,0.0238,0.2859,246.6872,17.6875
UsersAll,2tnn_results,Yes,Yes,[16],16,0.2,20,0.2247,1.8401,4.4298,21.7218,36.577,12.9587,0.1272,80.32,99.0,6.54,0.0,0.0,0.0,0.0238,818.1117,17.6719
UsersAll,2tnn_results,Yes,Yes,[32],16,0.01,19,0.4273,2.82,5.6547,21.3129,33.8583,12.8146,0.1623,59.04,98.0,6.04,0.0192,0.0,0.1191,0.5002,779.4852,17.6562
UsersAll,2tnn_results,Yes,Yes,[32],16,0.1,5,0.431,2.6966,5.5902,22.5083,36.0207,13.4494,0.1553,66.75,99.0,6.2,0.0058,0.0,0.1429,0.3335,207.0154,17.6875
UsersAll,2tnn_results,Yes,Yes,[32],16,0.2,20,0.21,1.829,4.253,21.3479,36.0207,12.7321,0.1277,80.47,99.0,6.56,0.0,0.0,0.0,0.0,821.1811,17.6719
UsersAll,2tnn_results,No,No,[16],32,0.01,12,0.4107,2.3319,4.5643,18.7158,31.7364,11.5518,0.1697,32.25,97.0,5.99,0.0,0.0,0.0,0.0,308.7652,13.7344
UsersAll,2tnn_results,No,No,[16],32,0.1,6,0.42,2.5916,5.3342,22.2818,35.8512,13.2958,0.1457,68.25,99.0,6.29,0.0,0.0,0.0,0.0,156.5936,14.1562
UsersAll,2tnn_results,No,No,[16],32,0.2,5,0.3942,2.6211,5.1813,21.1453,34.4127,12.7509,0.1437,62.09,99.0,6.18,0.0,0.0,0.0,0.0,130.8592,13.8437
UsersAll,2tnn_results,No,No,[32],32,0.01,13,0.466,2.6561,4.9087,18.9497,31.0659,11.6093,0.1743,29.04,97.0,5.88,0.0,0.0,0.0,0.0,336.9215,14.625
UsersAll,2tnn_results,No,No,[32],32,0.1,6,0.3942,2.5382,5.1463,21.4382,35.2342,12.9502,0.1491,69.6,99.0,6.2,0.0,0.0,0.0,0.0,157.3568,13.7812
UsersAll,2tnn_results,No,No,[32],32,0.2,5,0.3205,2.1053,4.4667,20.2336,33.9338,12.212,0.1455,68.95,99.0,6.34,0.0,0.0,0.0,0.0,131.7498,13.7656
UsersAll,2tnn_results,Yes,No,[16],32,0.01,9,0.3555,2.459,4.8995,19.0381,30.7528,11.501,0.1773,39.06,97.0,5.97,0.16,0.0476,0.2382,0.667,370.6049,15.4687
UsersAll,2tnn_results,Yes,No,[16],32,0.1,8,0.3242,2.2306,4.8479,21.7624,36.0575,13.0445,0.1423,74.91,99.0,6.37,0.0,0.0,0.0,0.0476,330.2823,16.2812
UsersAll,2tnn_results,Yes,No,[16],32,0.2,5,0.3463,2.4313,4.9806,21.3442,34.7829,12.7771,0.1448,70.11,99.0,6.31,0.0,0.0,0.0,0.1429,208.2966,15.4687
UsersAll,2tnn_results,Yes,No,[32],32,0.01,8,0.3979,2.5234,5.0395,19.2813,31.0549,11.6594,0.1764,42.41,98.0,5.93,0.0325,0.0,0.1667,0.5479,331.3922,15.5
UsersAll,2tnn_results,Yes,No,[32],32,0.1,5,0.3702,2.5161,5.3287,22.0829,35.772,13.214,0.1547,69.7,99.0,6.25,0.0008,0.0,0.0476,0.3573,210.2341,15.5156
UsersAll,2tnn_results,Yes,No,[32],32,0.2,5,0.2671,2.0869,4.4888,20.2907,33.7367,12.174,0.144,70.86,99.0,6.31,0.0,0.0,0.0238,0.3097,211.1239,15.5
UsersAll,2tnn_results,No,Yes,[16],32,0.01,20,0.4347,2.5105,4.778,19.7712,32.6537,12.0296,0.1644,51.03,98.0,6.17,0.0,0.0,0.0,0.0,516.9904,18.2969
UsersAll,2tnn_results,No,Yes,[16],32,0.1,5,0.4034,2.7039,5.4797,22.1178,35.5879,13.2586,0.1505,66.5,99.0,6.25,0.0,0.0,0.0,0.0,131.7655,19.8125
UsersAll,2tnn_results,No,Yes,[16],32,0.2,6,0.3813,2.3798,4.9308,21.569,35.1237,12.8769,0.1405,72.76,99.0,6.35,0.0,0.0,0.0,0.0,157.7342,18.3594
UsersAll,2tnn_results,No,Yes,[32],32,0.01,6,0.1897,1.4938,3.2234,16.3379,29.1687,10.0827,0.1803,28.14,96.0,6.08,0.0,0.0,0.0,0.0,157.4842,18.3593
UsersAll,2tnn_results,No,Yes,[32],32,0.1,5,0.3721,2.5566,5.3784,22.0073,35.5234,13.1676,0.1547,67.05,99.0,6.23,0.0,0.0,0.0,0.0,132.2342,18.3906
UsersAll,2tnn_results,No,Yes,[32],32,0.2,5,0.2781,2.1569,4.463,20.4306,33.9743,12.2606,0.1448,70.61,99.0,6.36,0.0,0.0,0.0,0.0,132.8436,18.4219
UsersAll,2tnn_results,Yes,Yes,[16],32,0.01,20,0.4457,2.7132,5.5718,21.3185,33.9099,12.7918,0.1599,61.64,99.0,6.08,0.0,0.0,0.0,0.0953,823.1308,20.4531
UsersAll,2tnn_results,Yes,Yes,[16],32,0.1,6,0.3352,2.4534,5.2108,22.1952,36.0225,13.2434,0.1487,71.91,99.0,6.31,0.0,0.0,0.0,0.1906,249.8278,20.0
UsersAll,2tnn_results,Yes,Yes,[16],32,0.2,5,0.3444,2.3006,4.9437,21.4879,35.1734,12.85,0.1441,70.76,99.0,6.34,0.0,0.0,0.0,0.0476,208.9066,20.0325
UsersAll,2tnn_results,Yes,Yes,[32],32,0.01,17,0.5213,2.9563,5.8002,21.5487,34.1069,12.9867,0.1666,63.04,99.0,6.09,0.0017,0.0,0.0476,0.2144,703.4928,20.1406
UsersAll,2tnn_results,Yes,Yes,[32],32,0.1,5,0.35,2.4258,5.1942,22.0773,35.6284,13.1351,0.153,71.61,99.0,6.28,0.0025,0.0,0.0476,0.262,210.7716,20.125
UsersAll,2tnn_results,Yes,Yes,[32],32,0.2,5,0.2597,2.2343,4.614,20.8709,34.2764,12.4511,0.1444,70.01,99.0,6.35,0.0,0.0,0.0953,0.2382,210.8591,20.0937
UsersAll,2tnn_results,No,No,[16],64,0.01,20,0.4513,2.61,5.1703,20.2999,33.1197,12.3302,0.1608,47.77,98.0,6.29,0.0,0.0,0.0,0.0,521.4369,16.3281
UsersAll,2tnn_results,No,No,[16],64,0.1,5,0.3739,2.4516,5.3213,21.7697,35.2655,13.0364,0.1519,65.75,99.0,6.19,0.0,0.0,0.0,0.0,132.7967,16.2969
UsersAll,2tnn_results,No,No,[16],64,0.2,5,0.3168,2.3319,4.8664,20.9906,34.5324,12.6076,0.1445,69.55,99.0,6.4,0.0,0.0,0.0,0.0,133.7342,16.3594
UsersAll,2tnn_results,No,No,[32],64,0.01,20,0.4255,2.7261,5.4282,20.8672,33.466,12.5826,0.1567,58.44,99.0,6.24,0.0,0.0,0.0,0.0,528.0184,16.4219
UsersAll,2tnn_results,No,No,[32],64,0.1,4,0.3942,2.599,5.2513,21.44,35.0113,12.9392,0.1581,61.34,99.0,6.19,0.0,0.0,0.0,0.0,107.578,16.3437
UsersAll,2tnn_results,No,No,[32],64,0.2,4,0.2523,1.9764,4.3119,19.5797,33.011,11.8263,0.1488,62.34,99.0,6.33,0.0,0.0,0.0,0.0,107.4443,16.4219
UsersAll,2tnn_results,Yes,No,[16],64,0.01,5,0.4992,2.5529,5.1611,19.6386,31.6903,11.9084,0.1809,31.7,97.0,5.77,0.0025,0.0,0.0238,0.1191,210.4547,18.0625
UsersAll,2tnn_results,Yes,No,[16],64,0.1,4,0.4384,2.7905,5.5534,22.3205,35.8089,13.3823,0.1668,63.45,99.0,6.21,0.0008,0.0,0.0238,0.1906,169.8466,18.0625
UsersAll,2tnn_results,Yes,No,[16],64,0.2,5,0.3242,2.2656,4.8074,20.8635,34.4256,12.5373,0.1434,70.16,99.0,6.39,0.0,0.0,0.0,0.0,212.2654,18.0469
UsersAll,2tnn_results,Yes,No,[32],64,0.01,6,0.4439,2.5584,5.1979,19.6478,31.5264,11.8749,0.1822,43.72,98.0,5.9,0.0017,0.0,0.0238,0.0715,252.7058,18.0937
UsersAll,2tnn_results,Yes,No,[32],64,0.1,4,0.4071,2.5879,5.4208,22.3297,35.7076,13.2906,0.1593,66.85,99.0,6.21,0.0,0.0,0.0,0.1906,170.8592,18.1875
UsersAll,2tnn_results,Yes,No,[32],64,0.2,5,0.1971,1.6964,4.0412,19.4157,33.1326,11.6966,0.144,71.41,99.0,6.32,0.0,0.0,0.0238,0.1429,212.7654,19.0469
UsersAll,2tnn_results,No,Yes,[16],64,0.01,7,0.3905,2.3742,4.7227,19.4784,32.0477,11.8027,0.1766,37.51,97.0,6.02,0.0,0.0,0.0,0.0,185.2167,21.8744
UsersAll,2tnn_results,No,Yes,[16],64,0.1,5,0.4089,2.529,5.1758,21.9023,35.3908,13.0814,0.1546,67.25,99.0,6.22,0.0,0.0,0.0,0.0,133.9686,20.9732
UsersAll,2tnn_results,No,Yes,[16],64,0.2,20,0.2026,1.7222,4.1572,21.4695,36.2141,12.7531,0.1269,80.72,99.0,6.53,0.0,0.0,0.0,0.0,529.8744,20.8906
UsersAll,2tnn_results,No,Yes,[32],64,0.01,8,0.3629,2.3908,4.7356,19.1137,31.3883,11.5982,0.1767,40.56,97.0,5.96,0.0,0.0,0.0,0.0,212.8122,22.5156
UsersAll,2tnn_results,No,Yes,[32],64,0.1,4,0.3794,2.5161,5.2403,21.5763,35.1329,12.969,0.1623,63.95,99.0,6.21,0.0,0.0,0.0,0.0,108.1581,22.4687
UsersAll,2tnn_results,No,Yes,[32],64,0.2,5,0.186,1.6448,3.8865,19.3126,33.0294,11.6119,0.1457,70.41,99.0,6.43,0.0,0.0,0.0,0.0,135.9373,21.0312
UsersAll,2tnn_results,Yes,Yes,[16],64,0.01,20,0.4439,2.8826,5.7081,21.7752,34.584,13.0788,0.1567,64.1,99.0,6.18,0.0,0.0,0.0,0.0238,839.965,22.7031
UsersAll,2tnn_results,Yes,Yes,[16],64,0.1,5,0.3665,2.5308,5.2329,22.2063,35.9618,13.2597,0.156,70.01,99.0,6.27,0.0,0.0,0.0238,0.1429,212.6247,22.6719
UsersAll,2tnn_results,Yes,Yes,[16],64,0.2,20,0.1934,1.7296,4.2051,21.5063,36.5696,12.8408,0.126,80.67,99.0,6.51,0.0,0.0,0.0,0.0,840.2677,22.6562
UsersAll,2tnn_results,Yes,Yes,[32],64,0.01,7,0.4531,2.9452,5.8168,22.197,34.9027,13.263,0.1789,55.83,98.0,5.96,0.0192,0.0,0.0238,0.0953,297.8121,22.75
UsersAll,2tnn_results,Yes,Yes,[32],64,0.1,4,0.3352,2.4921,5.4024,22.0884,35.54,13.1716,0.1593,66.75,99.0,6.23,0.0,0.0,0.0,0.1667,171.4184,23.1094
UsersAll,2tnn_results,Yes,Yes,[32],64,0.2,5,0.2137,1.8585,4.218,19.9094,33.431,11.9261,0.1449,72.81,99.0,6.41,0.0,0.0,0.0,0.0953,213.3768,24.3281

UsersEmotions,2tnn_results,No,No,"[32, 64]",16,0.01,5,0.09,0.8217,2.3751,14.6556,24.7974,8.548,0.2061,6.72,61.0,6.96,0.0225,0.0,0.0,0.0,27.5,8.4375
UsersEmotions,2tnn_results,No,No,"[32, 64]",16,0.1,9,0.2927,1.8122,3.7258,17.8523,29.4012,10.6168,0.2021,30.67,96.0,7.5,0.0033,0.0,0.0,0.0,45.9062,8.375
UsersEmotions,2tnn_results,No,No,"[32, 64]",16,0.2,3,0.1013,0.2364,0.5741,2.9604,5.2792,1.8303,0.2131,8.31,37.0,8.17,0.0,0.0,0.0,0.1754,15.625,8.5781
UsersEmotions,2tnn_results,No,No,"[32, 64, 128]",16,0.01,6,0.1914,1.0581,2.5777,14.982,25.3152,8.8249,0.207,6.36,66.0,6.74,0.115,0.0,0.0,0.0,34.125,9.3906
UsersEmotions,2tnn_results,No,No,"[32, 64, 128]",16,0.1,5,0.0225,0.5853,1.5759,10.3444,19.9572,6.4971,0.2053,3.95,71.0,7.81,0.0,0.0,0.0,0.0,29.1406,9.8594
UsersEmotions,2tnn_results,No,No,"[32, 64, 128]",16,0.2,4,0.0113,0.09,0.2139,2.1162,4.5588,1.398,0.2067,3.44,23.0,9.75,0.0,0.0,0.0,0.0,21.8906,9.3906
UsersEmotions,2tnn_results,Yes,No,"[32, 64]",16,0.01,16,0.2701,2.679,5.7181,21.4993,33.1382,12.661,0.205,32.31,97.0,7.51,0.0817,0.0,0.5263,0.7018,123.5311,9.0938
UsersEmotions,2tnn_results,Yes,No,"[32, 64]",16,0.1,8,0.3039,2.0149,4.2436,17.9874,29.964,10.9027,0.1974,21.59,95.0,8.01,0.0033,0.0,0.0,0.0,63.6249,8.9219
UsersEmotions,2tnn_results,Yes,No,"[32, 64]",16,0.2,20,0.0338,0.3827,1.0356,5.4705,10.7046,3.5254,0.155,24.77,80.0,9.04,0.3025,0.3509,3.3333,7.0175,149.8592,9.0781
UsersEmotions,2tnn_results,Yes,No,"[32, 64, 128]",16,0.01,3,0.5065,2.9379,5.4255,19.2256,29.9415,11.6074,0.2172,4.46,54.0,6.09,0.0392,0.0,2.807,5.2632,26.8437,9.9844
UsersEmotions,2tnn_results,Yes,No,"[32, 64, 128]",16,0.1,14,0.2701,2.1612,4.6038,19.1018,31.7875,11.5849,0.1816,28.26,96.0,7.92,0.3875,0.0,1.4035,2.1053,114.2343,9.875
UsersEmotions,2tnn_results,Yes,No,"[32, 64, 128]",16,0.2,3,0.0113,0.1238,0.2589,2.1837,4.5025,1.416,0.2065,4.36,59.0,9.11,0.0,0.0,0.0,0.0,27.2031,10.2344
UsersEmotions,2tnn_results,No,Yes,"[32, 64]",16,0.01,3,0.2927,2.4201,4.0185,11.7064,16.7605,7.0396,0.2984,10.87,73.0,5.69,0.0475,0.0,0.1754,0.1754,16.2969,12.9531
UsersEmotions,2tnn_results,No,Yes,"[32, 64]",16,0.1,13,0.1914,1.8348,4.041,17.0531,28.3994,10.3039,0.1716,52.41,98.0,7.84,0.0658,0.0,0.1754,0.5263,65.5937,12.8281
UsersEmotions,2tnn_results,No,Yes,"[32, 64]",16,0.2,3,0.1688,0.1914,0.9118,3.1405,6.2472,2.1319,0.2061,2.05,1.0,7.77,0.0,0.0,0.0,0.0,14.8281,13.0625
UsersEmotions,2tnn_results,No,Yes,"[32, 64, 128]",16,0.01,3,0.3377,1.7335,3.2193,12.6294,17.5709,7.0982,0.2504,8.1,67.0,6.1,0.1025,0.1754,0.3509,1.4035,17.9687,14.0625
UsersEmotions,2tnn_results,No,Yes,"[32, 64, 128]",16,0.1,11,0.1351,1.2044,2.5889,15.5898,28.6357,9.6308,0.2021,26.26,96.0,7.99,0.0,0.0,0.0,0.0,60.2812,13.7969
UsersEmotions,2tnn_results,No,Yes,"[32, 64, 128]",16,0.2,3,0.0,0.09,0.1238,1.9361,4.8514,1.4003,0.2071,3.64,54.0,9.87,0.0,0.0,0.0,0.3509,17.9687,14.2187
UsersEmotions,2tnn_results,Yes,Yes,"[32, 64]",16,0.01,5,0.2476,1.9473,4.4462,18.9104,28.9059,10.8915,0.2076,14.56,90.0,7.05,0.1592,0.1754,0.8772,2.2807,40.7968,13.4687
UsersEmotions,2tnn_results,Yes,Yes,"[32, 64]",16,0.1,19,0.3602,1.9023,4.0635,17.4809,28.7145,10.5043,0.1594,55.38,98.0,7.88,0.0458,0.0,0.3509,0.7018,145.2498,13.4219
UsersEmotions,2tnn_results,Yes,Yes,"[32, 64]",16,0.2,9,0.09,0.7204,1.9811,11.7515,21.9721,7.303,0.202,9.13,74.0,8.67,3.9858,2.2807,8.5965,12.807,68.9374,13.7031
UsersEmotions,2tnn_results,Yes,Yes,"[32, 64, 128]",16,0.01,8,0.3152,1.9136,4.1423,17.8186,28.3431,10.5065,0.2071,21.18,93.0,7.38,0.0783,0.0,0.5263,0.8772,67.203,14.3906
UsersEmotions,2tnn_results,Yes,Yes,"[32, 64, 128]",16,0.1,10,0.3039,2.2287,4.5137,19.2931,31.0783,11.4836,0.2055,28.67,96.0,7.67,0.0,0.0,0.0,0.0,82.6561,14.4687
UsersEmotions,2tnn_results,Yes,Yes,"[32, 64, 128]",16,0.2,3,0.0113,0.1126,0.2251,1.3845,3.0279,0.9523,0.2071,4.51,9.0,9.18,0.0075,0.0,0.0,0.0,25.8437,14.6094
UsersEmotions,2tnn_results,No,No,"[32, 64]",32,0.01,5,0.2701,1.362,2.7015,14.5655,24.7636,8.7326,0.2071,6.97,70.0,6.99,0.085,0.0,0.0,0.0,25.9843,8.6094
UsersEmotions,2tnn_results,No,No,"[32, 64]",32,0.1,10,0.1463,1.5083,3.2418,15.6011,28.1855,9.7366,0.1825,37.44,97.0,7.68,0.0,0.0,0.0,0.1754,49.9531,8.4531
UsersEmotions,2tnn_results,No,No,"[32, 64]",32,0.2,15,0.0338,0.2476,0.6641,4.086,7.8231,2.5709,0.1599,25.74,76.0,9.55,0.0025,0.0,0.0,0.0,71.0155,8.5
UsersEmotions,2tnn_results,No,No,"[32, 64, 128]",32,0.01,5,0.1238,0.8104,2.5326,13.226,23.4466,8.0279,0.207,11.08,64.0,6.66,0.1558,0.0,0.1754,0.1754,28.6406,9.5156
UsersEmotions,2tnn_results,No,No,"[32, 64, 128]",32,0.1,7,0.1688,1.0243,2.1499,10.6821,20.1486,6.8348,0.2022,8.72,87.0,7.89,0.2508,0.0,0.1754,1.5789,38.9843,9.4844
UsersEmotions,2tnn_results,No,No,"[32, 64, 128]",32,0.2,3,0.0,0.6303,2.0036,10.502,17.4246,6.1121,0.2065,4.67,17.0,7.52,0.0,0.0,0.0,0.0,17.7656,9.9687
UsersEmotions,2tnn_results,Yes,No,"[32, 64]",32,0.01,10,0.3827,2.5889,5.842,21.4318,32.6542,12.5799,0.2071,27.54,97.0,7.42,0.0325,0.0,0.0,0.3509,78.9374,9.1094
UsersEmotions,2tnn_results,Yes,No,"[32, 64]",32,0.1,14,0.2139,1.9473,4.5362,20.2274,32.7893,11.9428,0.1773,43.69,98.0,7.85,0.0008,0.0,0.0,0.1754,108.5936,9.0625
UsersEmotions,2tnn_results,Yes,No,"[32, 64]",32,0.2,3,0.0,0.1351,0.6754,4.0747,7.0801,2.3931,0.2062,2.56,5.0,8.78,0.005,0.0,0.0,0.0,23.8593,9.7344
UsersEmotions,2tnn_results,Yes,No,"[32, 64, 128]",32,0.01,6,0.2139,2.1837,4.5475,17.9649,28.8271,10.7474,0.2071,13.59,91.0,7.18,0.035,0.1754,0.3509,0.7018,51.1562,10.4531
UsersEmotions,2tnn_results,Yes,No,"[32, 64, 128]",32,0.1,4,0.5178,2.5326,4.2661,13.665,22.8726,8.7708,0.2046,7.79,72.0,6.78,0.2025,0.1754,1.7544,4.9123,34.75,10.5313
UsersEmotions,2tnn_results,Yes,No,"[32, 64, 128]",32,0.2,6,0.0113,0.1238,0.1801,1.5534,4.0635,1.1864,0.2045,1.59,6.0,10.27,1.9158,0.7018,3.5088,6.3158,47.8281,10.6093
UsersEmotions,2tnn_results,No,Yes,"[32, 64]",32,0.01,14,0.4277,2.3751,4.9415,19.2706,31.0108,11.6051,0.2082,43.59,97.0,7.73,0.0083,0.0,0.0,0.0,69.8124,13.0938
UsersEmotions,2tnn_results,No,Yes,"[32, 64]",32,0.1,9,0.3715,1.6772,3.4557,17.3345,29.8176,10.5313,0.1933,48.26,97.0,7.78,0.0433,0.0,0.3509,0.7018,45.8749,13.1094
UsersEmotions,2tnn_results,No,Yes,"[32, 64]",32,0.2,3,0.0,0.0338,0.045,0.1126,0.2814,0.0946,0.2058,7.54,9.0,11.42,7.6775,1.7544,12.9825,24.9123,14.9375,13.2969
UsersEmotions,2tnn_results,No,Yes,"[32, 64, 128]",32,0.01,20,0.1914,1.452,3.1067,13.9689,23.3904,8.4219,0.2054,50.1,98.0,7.97,0.3367,0.0,0.5263,1.4035,109.5155,13.9062
UsersEmotions,2tnn_results,No,Yes,"[32, 64, 128]",32,0.1,14,0.1576,1.1256,2.4989,13.3724,24.8537,8.4016,0.1915,27.08,95.0,8.12,0.0,0.0,0.0,0.0,77.078,13.9219
UsersEmotions,2tnn_results,No,Yes,"[32, 64, 128]",32,0.2,5,0.0113,0.0675,0.6529,3.7708,6.9226,2.285,0.2063,4.41,13.0,9.42,0.3367,0.0,2.9825,7.193,26.4218,14.0781
UsersEmotions,2tnn_results,Yes,Yes,"[32, 64]",32,0.01,20,0.439,2.7353,5.6394,21.0378,32.9919,12.5687,0.2011,56.05,98.0,7.68,0.0017,0.0,0.0,0.5263,153.828,13.9687
UsersEmotions,2tnn_results,Yes,Yes,"[32, 64]",32,0.1,5,0.1351,1.4295,3.1292,17.4021,27.8478,9.9887,0.2032,9.9,87.0,7.52,0.0008,0.0,0.0,0.0,40.5156,14.2031
UsersEmotions,2tnn_results,Yes,Yes,"[32, 64]",32,0.2,20,0.0563,0.8104,1.8235,11.5263,21.4205,7.1274,0.1512,36.46,95.0,8.86,0.0342,0.0,0.0,0.0,152.2654,13.5937
UsersEmotions,2tnn_results,Yes,Yes,"[32, 64, 128]",32,0.01,6,0.3827,2.3751,4.4349,18.1675,29.131,10.8982,0.2071,15.64,91.0,7.12,0.2825,0.0,0.8772,2.2807,51.4374,15.2344
UsersEmotions,2tnn_results,Yes,Yes,"[32, 64, 128]",32,0.1,20,0.1013,1.1256,2.7015,14.7794,26.2269,8.9869,0.1615,27.69,95.0,8.27,0.6033,0.1754,1.0526,1.4035,161.1404,14.9375
UsersEmotions,2tnn_results,Yes,Yes,"[32, 64, 128]",32,0.2,3,0.1126,0.4052,0.7091,2.9604,5.5831,1.9541,0.207,10.41,81.0,9.85,4.2867,2.1053,8.7719,14.386,27.2187,14.6719
UsersEmotions,2tnn_results,No,No,"[32, 64]",64,0.01,6,0.3264,2.1274,4.1873,18.7078,31.6637,11.4025,0.2078,16.77,93.0,7.04,0.09,0.0,0.0,0.0,31.375,10.8594
UsersEmotions,2tnn_results,No,No,"[32, 64]",64,0.1,4,0.1126,1.0018,2.1499,13.0009,22.3661,7.7262,0.2021,9.59,78.0,7.07,0.0,0.0,0.0,0.0,21.0625,11.1094
UsersEmotions,2tnn_results,No,No,"[32, 64]",64,0.2,4,0.0225,0.1576,0.2814,1.7785,4.4687,1.3417,0.2029,13.03,18.0,8.47,0.0308,0.0,0.1754,0.1754,19.3281,10.9219
UsersEmotions,2tnn_results,No,No,"[32, 64, 128]",64,0.01,5,0.1576,1.4746,3.208,15.072,26.5421,9.2909,0.2062,9.74,71.0,6.55,0.0067,0.0,0.0,0.0,29.0625,11.8281
UsersEmotions,2tnn_results,No,No,"[32, 64, 128]",64,0.1,3,0.1013,0.394,0.7317,4.9527,9.3877,3.1135,0.2053,1.33,28.000000000000004,7.88,0.0,0.0,0.0,0.0,17.875,12.0469
UsersEmotions,2tnn_results,No,No,"[32, 64, 128]",64,0.2,6,0.0113,0.1463,0.2701,1.9811,7.5979,2.0014,0.2042,2.51,2.0,9.55,0.0,0.0,0.0,0.0,31.1093,11.8906
UsersEmotions,2tnn_results,Yes,No,"[32, 64]",64,0.01,7,0.4277,2.6565,5.7407,21.4656,33.3296,12.724,0.2074,24.36,96.0,7.3,0.0817,0.0,0.1754,0.3509,55.9687,11.75
UsersEmotions,2tnn_results,Yes,No,"[32, 64]",64,0.1,11,0.3827,2.0937,4.7051,19.8559,33.0257,12.0126,0.1738,38.97,97.0,7.83,0.0,0.0,0.0,0.0,86.7186,11.4219
UsersEmotions,2tnn_results,Yes,No,"[32, 64]",64,0.2,20,0.0113,1.0693,3.0167,10.063,19.6308,6.7582,0.1513,13.79,70.0,7.78,0.1492,0.1754,0.3509,0.8772,151.5154,11.3906
UsersEmotions,2tnn_results,Yes,No,"[32, 64, 128]",64,0.01,5,0.1463,1.8122,3.7258,19.2368,29.7951,10.9433,0.2072,10.56,89.0,7.31,0.0425,0.0,0.0,1.9298,44.0312,12.4219
UsersEmotions,2tnn_results,Yes,No,"[32, 64, 128]",64,0.1,18,0.0563,1.3282,2.285,10.5696,20.3062,6.9091,0.1611,17.23,80.0,7.66,1.0192,0.8772,4.7368,8.0702,144.7655,12.3594
UsersEmotions,2tnn_results,Yes,No,"[32, 64, 128]",64,0.2,10,0.0,0.3264,0.5403,1.9586,4.7614,1.5173,0.2114,4.36,37.0,8.75,0.0025,0.0,0.5263,1.5789,79.578,12.625
UsersEmotions,2tnn_results,No,Yes,"[32, 64]",64,0.01,20,0.3602,2.7915,5.4705,20.1373,32.8906,12.33,0.2019,62.15,99.0,7.74,0.0,0.0,0.0,0.0,99.8124,15.2812
UsersEmotions,2tnn_results,No,Yes,"[32, 64]",64,0.1,6,0.2589,1.7447,3.7483,17.5146,31.765,11.0063,0.2001,17.44,90.0,7.03,0.0,0.5263,4.2105,14.7368,31.0,15.3125
UsersEmotions,2tnn_results,No,Yes,"[32, 64]",64,0.2,4,0.0113,0.2139,0.5628,3.6808,7.8343,2.4606,0.1969,10.51,23.0,8.04,0.0,0.0,0.0,0.0,19.9531,15.5312
UsersEmotions,2tnn_results,No,Yes,"[32, 64, 128]",64,0.01,17,0.3039,2.1612,4.6376,19.6646,31.8325,11.7199,0.2057,44.97,98.0,7.59,0.0175,0.0,0.0,0.0,93.453,16.375
UsersEmotions,2tnn_results,No,Yes,"[32, 64, 128]",64,0.1,4,0.1126,0.8555,1.6884,9.2301,20.081,6.3935,0.2061,4.72,65.0,8.14,0.0,0.0,0.0,0.3509,23.875,16.4531
UsersEmotions,2tnn_results,No,Yes,"[32, 64, 128]",64,0.2,3,0.0113,1.2269,1.7785,8.8136,19.2706,6.2202,0.2057,3.85,15.0,7.15,0.0,0.0,0.0,0.0,17.0156,16.6094
UsersEmotions,2tnn_results,Yes,Yes,"[32, 64]",64,0.01,18,0.484,2.9829,5.6394,21.2517,33.9149,12.8546,0.2029,53.79,98.0,7.67,0.0092,0.0,0.3509,0.5263,141.3123,15.9531
UsersEmotions,2tnn_results,Yes,Yes,"[32, 64]",64,0.1,16,0.3039,2.0937,4.1535,19.0004,31.9901,11.5083,0.1654,47.74,98.0,7.79,0.0,0.0,0.0,0.0,125.5936,16.1094
UsersEmotions,2tnn_results,Yes,Yes,"[32, 64]",64,0.2,4,0.0113,0.1351,0.3039,2.8028,5.8757,1.8258,0.2023,6.72,13.0,9.27,0.0275,0.0,0.0,0.3509,32.4375,16.4687
UsersEmotions,2tnn_results,Yes,Yes,"[32, 64, 128]",64,0.01,16,0.5741,2.9941,5.887,21.6682,33.7686,12.9784,0.2049,47.69,98.0,7.47,0.02,0.0,0.0,0.3509,132.8436,17.625
UsersEmotions,2tnn_results,Yes,Yes,"[32, 64, 128]",64,0.1,3,0.0563,0.1351,0.2476,1.5196,5.0315,1.398,0.2066,2.1,11.0,9.04,0.0,0.0,0.0,0.0,26.4531,17.2812
UsersEmotions,2tnn_results,Yes,Yes,"[32, 64, 128]",64,0.2,5,0.1351,0.9568,2.2738,13.9802,26.4408,8.7573,0.2056,4.0,56.99999999999999,6.04,0.0,0.0,0.0,0.0,43.5468,17.1875
UsersAll,2tnn_results,No,No,"[32, 64]",16,0.01,3,0.385,2.8163,5.0266,17.1815,28.7396,10.8298,0.1852,7.51,54.0,4.55,0.0133,0.0,0.0,0.0476,80.3593,12.2344
UsersAll,2tnn_results,No,No,"[32, 64]",16,0.1,20,0.2523,2.1661,4.4869,19.8431,32.7697,11.9036,0.1336,69.95,99.0,6.57,0.0733,0.0,0.0476,0.3573,535.4212,12.2969
UsersAll,2tnn_results,No,No,"[32, 64]",16,0.2,19,0.2358,1.6319,3.4168,15.8203,26.9326,9.6075,0.1291,44.87,97.0,6.52,0.0533,0.0,0.0238,0.2859,502.0931,12.2969
UsersAll,2tnn_results,No,No,"[32, 64, 128]",16,0.01,9,0.1584,1.2249,2.6892,13.8237,25.4149,8.6622,0.1827,35.45,97.0,6.7,0.47,0.0476,0.7384,1.4054,267.0309,13.3437
UsersAll,2tnn_results,No,No,"[32, 64, 128]",16,0.1,10,0.256,1.9838,4.078,18.0269,30.3549,10.9399,0.1421,48.17,98.0,6.4,0.0308,0.0,0.1429,0.6432,296.6715,13.3594
UsersAll,2tnn_results,No,No,"[32, 64, 128]",16,0.2,6,0.2302,1.2672,2.3448,10.1674,16.756,6.1531,0.1461,9.11,81.0,6.72,0.0,0.0,0.0,0.0,178.2967,13.4375
UsersAll,2tnn_results,Yes,No,"[32, 64]",16,0.01,8,0.4347,2.6634,5.2919,19.3807,30.8817,11.7305,0.1818,35.2,97.0,6.02,0.29,0.1191,0.4288,1.0719,339.3025,14.4219
UsersAll,2tnn_results,Yes,No,"[32, 64]",16,0.1,17,0.3058,2.4498,5.1979,21.6979,35.1734,12.9649,0.1359,67.8,99.0,6.46,0.0025,0.0,0.0,0.0715,718.4279,14.0486
UsersAll,2tnn_results,Yes,No,"[32, 64]",16,0.2,20,0.2947,2.144,4.4685,18.8411,31.5522,11.4601,0.1283,65.3,99.0,6.44,0.0075,0.0,0.0,0.0715,844.3143,14.0469
UsersAll,2tnn_results,Yes,No,"[32, 64, 128]",16,0.01,4,0.2542,1.6356,3.332,13.7905,25.1239,8.8272,0.1842,14.07,91.0,5.93,0.6217,0.2144,1.1196,2.0486,184.4998,15.2812
UsersAll,2tnn_results,Yes,No,"[32, 64, 128]",16,0.1,14,0.3923,2.4553,5.0045,19.6828,32.3976,11.9865,0.14,50.68,98.0,6.29,0.0,0.0,0.0,0.0238,635.5863,15.6719
UsersAll,2tnn_results,Yes,No,"[32, 64, 128]",16,0.2,20,0.1695,1.4054,2.8495,12.3354,22.6428,7.8805,0.1292,8.91,87.0,6.73,1.8583,0.6432,2.0248,2.93,906.0048,15.1719
UsersAll,2tnn_results,No,Yes,"[32, 64]",16,0.01,8,0.1142,0.9633,2.2508,13.7979,25.8422,8.5937,0.1816,26.34,95.0,6.77,0.4183,0.0476,0.3097,0.7623,215.8279,16.7812
UsersAll,2tnn_results,No,Yes,"[32, 64]",16,0.1,15,0.3555,2.6395,5.1648,20.4417,32.9373,12.3077,0.1386,60.54,99.0,6.3,0.0425,0.0,0.1191,0.262,405.7808,16.7187
UsersAll,2tnn_results,No,Yes,"[32, 64]",16,0.2,20,0.1805,1.5067,3.1681,13.7002,23.8898,8.4891,0.1282,35.95,96.0,6.7,0.0,0.0,0.0,0.0476,542.6087,16.7969
UsersAll,2tnn_results,No,Yes,"[32, 64, 128]",16,0.01,20,0.2339,1.7185,3.461,15.6416,26.5735,9.5257,0.177,55.68,98.0,6.95,0.785,0.1191,0.5002,0.9767,598.6868,17.8437
UsersAll,2tnn_results,No,Yes,"[32, 64, 128]",16,0.1,20,0.3481,2.2232,4.4004,18.4358,30.7583,11.2332,0.134,56.74,98.0,6.56,0.0042,0.0,0.0,0.0715,597.9524,17.8594
UsersAll,2tnn_results,No,Yes,"[32, 64, 128]",16,0.2,8,0.0516,0.8565,1.7425,9.5891,16.6805,5.784,0.1428,8.56,65.0,7.86,4.0742,1.1196,8.5279,17.3416,229.0622,17.7969
UsersAll,2tnn_results,Yes,Yes,"[32, 64]",16,0.01,4,0.2818,2.0537,4.0725,16.8684,27.6786,10.191,0.1838,15.27,93.0,5.76,0.4358,0.262,1.2149,2.4774,173.4856,18.6094
UsersAll,2tnn_results,Yes,Yes,"[32, 64]",16,0.1,16,0.42,2.6395,5.3453,21.7863,35.1366,13.0655,0.1373,69.4,99.0,6.39,0.0,0.0,0.0,0.0238,686.0286,18.5625
UsersAll,2tnn_results,Yes,Yes,"[32, 64]",16,0.2,20,0.2229,1.4312,3.1055,14.5862,25.9104,9.0512,0.1276,46.37,96.0,6.74,0.0,0.0,0.0,0.0238,834.1558,18.6406
UsersAll,2tnn_results,Yes,Yes,"[32, 64, 128]",16,0.01,3,0.291,1.9819,3.9436,16.0395,27.3084,9.9129,0.1847,14.32,91.0,5.66,0.4183,0.3811,0.929,1.7151,140.6873,19.75
UsersAll,2tnn_results,Yes,Yes,"[32, 64, 128]",16,0.1,15,0.3315,2.4498,4.9585,19.6441,32.0716,11.8911,0.1394,58.79,98.0,6.34,0.0,0.0,0.0,0.0238,688.6887,19.7031
UsersAll,2tnn_results,Yes,Yes,"[32, 64, 128]",16,0.2,20,0.3297,1.969,4.0172,17.3325,29.83,10.6957,0.1283,50.13,98.0,6.41,0.0175,0.0,0.1429,0.262,918.0161,19.8125
UsersAll,2tnn_results,No,No,"[32, 64]",32,0.01,13,0.3094,1.9469,3.9528,16.5073,28.3675,10.2168,0.1787,39.26,97.0,6.41,0.19,0.0,0.2144,0.6432,350.4527,14.7656
UsersAll,2tnn_results,No,No,"[32, 64]",32,0.1,10,0.3297,1.9653,4.0964,17.9809,30.2518,10.9248,0.1416,46.12,98.0,6.4,0.0,0.0,0.0953,0.5002,271.2809,14.7344
UsersAll,2tnn_results,No,No,"[32, 64]",32,0.2,10,0.1197,0.9357,2.0224,9.6756,17.979,6.1465,0.1362,31.75,91.0,6.99,0.0,0.0,0.0,0.0476,266.484,14.6562
UsersAll,2tnn_results,No,No,"[32, 64, 128]",32,0.01,3,0.385,2.1108,3.5825,14.9435,24.9378,9.1919,0.1837,5.56,55.00000000000001,5.22,0.025,0.0,0.0238,0.0238,91.3749,15.7031
UsersAll,2tnn_results,No,No,"[32, 64, 128]",32,0.1,11,0.3629,2.3927,4.8793,18.9442,30.8523,11.4862,0.1428,49.57,98.0,6.28,0.0067,0.0,0.0953,0.6432,334.5777,15.8437
UsersAll,2tnn_results,No,No,"[32, 64, 128]",32,0.2,4,0.0018,0.3665,0.4457,1.3188,3.111,1.0488,0.1794,3.1,3.0,7.36,0.0083,0.0,2.001,4.8356,110.4686,16.0469
UsersAll,2tnn_results,Yes,No,"[32, 64]",32,0.01,3,0.3389,1.8677,3.7759,15.5753,27.3876,9.7891,0.1853,12.27,90.0,6.11,0.7408,0.3097,0.9767,1.8342,131.8748,16.5469
UsersAll,2tnn_results,Yes,No,"[32, 64]",32,0.1,17,0.3758,2.5326,5.2826,21.8268,35.5529,13.1141,0.1355,71.56,99.0,6.4,0.0,0.0,0.0238,0.0476,732.7867,16.5469
UsersAll,2tnn_results,Yes,No,"[32, 64]",32,0.2,20,0.1989,1.5712,3.3707,14.6304,25.041,8.9624,0.1271,33.05,93.0,6.57,0.0142,0.0,0.0476,0.0476,836.8159,16.4375
UsersAll,2tnn_results,Yes,No,"[32, 64, 128]",32,0.01,8,0.2947,1.9598,3.9601,17.3878,29.4542,10.6113,0.1822,34.4,97.0,6.32,0.2792,0.0953,0.3097,0.667,371.3445,17.7031
UsersAll,2tnn_results,Yes,No,"[32, 64, 128]",32,0.1,15,0.4255,2.6616,5.244,20.3441,32.93,12.321,0.1371,51.53,98.0,6.21,0.0008,0.0,0.0,0.1191,697.0773,17.7031
UsersAll,2tnn_results,Yes,No,"[32, 64, 128]",32,0.2,3,0.0276,0.1934,0.3205,4.3193,9.4472,2.8616,0.1821,3.96,25.0,8.09,2.2592,0.262,2.1439,2.93,136.1405,17.5937
UsersAll,2tnn_results,No,Yes,"[32, 64]",32,0.01,8,0.2781,1.9488,4.043,17.4044,29.1116,10.5572,0.1823,35.45,97.0,6.24,0.1983,0.0238,0.1429,0.3811,219.6091,19.2031
UsersAll,2tnn_results,No,Yes,"[32, 64]",32,0.1,5,0.1952,1.433,3.1184,15.2088,27.5736,9.5058,0.1657,26.74,95.0,6.4,0.0,0.0,0.1191,0.4526,138.8436,19.25
UsersAll,2tnn_results,No,Yes,"[32, 64]",32,0.2,20,0.1179,0.7791,1.6043,8.6294,15.9308,5.4123,0.127,27.14,86.0,7.51,0.0767,0.0,0.0715,0.262,513.2963,19.0937
UsersAll,2tnn_results,No,Yes,"[32, 64, 128]",32,0.01,20,0.3315,2.2877,4.4556,18.1264,29.8171,11.0037,0.1676,62.29,98.0,6.65,0.5858,0.0238,0.3097,0.929,612.3274,20.3594
UsersAll,2tnn_results,No,Yes,"[32, 64, 128]",32,0.1,16,0.3131,2.0648,4.2106,17.8759,30.051,10.9031,0.1366,46.92,98.0,6.52,0.0,0.0,0.0715,0.5241,490.2526,20.3437
UsersAll,2tnn_results,No,Yes,"[32, 64, 128]",32,0.2,3,0.0203,0.1731,0.5415,2.7021,5.7708,1.8416,0.1834,8.66,20.0,7.15,0.285,0.1191,2.2153,6.2649,85.9218,20.1406
UsersAll,2tnn_results,Yes,Yes,"[32, 64]",32,0.01,8,0.3481,2.5769,5.1592,19.366,31.1028,11.7106,0.18,45.07,98.0,6.07,0.0708,0.0476,0.1906,0.4764,348.6745,21.0625
UsersAll,2tnn_results,Yes,Yes,"[32, 64]",32,0.1,14,0.4476,2.7224,5.3711,21.5597,34.6779,12.9557,0.1384,62.14,99.0,6.44,0.0,0.0,0.0,0.0,612.9177,21.0781
UsersAll,2tnn_results,Yes,Yes,"[32, 64]",32,0.2,20,0.326,1.7811,3.3228,13.9673,24.4626,8.772,0.1278,17.43,90.0,6.72,0.0,0.0,0.0,0.0238,844.5638,21.5156
UsersAll,2tnn_results,Yes,Yes,"[32, 64, 128]",32,0.01,20,0.3629,2.6082,5.2329,20.5117,32.8213,12.3074,0.166,60.19,99.0,6.36,0.3575,0.1906,0.9767,2.525,937.2645,22.2031
UsersAll,2tnn_results,Yes,Yes,"[32, 64, 128]",32,0.1,14,0.3923,2.5566,5.1261,20.5062,33.4807,12.4124,0.1377,61.39,99.0,6.38,0.0,0.0,0.0,0.0,658.0617,22.2969
UsersAll,2tnn_results,Yes,Yes,"[32, 64, 128]",32,0.2,6,0.081,0.1897,0.7331,3.8644,6.456,2.2648,0.1479,3.76,8.0,6.59,0.0,0.0,0.0,0.3811,265.2341,22.0781
UsersAll,2tnn_results,No,No,"[32, 64]",64,0.01,6,0.3131,2.2011,4.509,18.0067,29.6679,10.9396,0.1828,35.95,97.0,6.1,0.0342,0.0,0.0715,0.2382,168.5935,17.3906
UsersAll,2tnn_results,No,No,"[32, 64]",64,0.1,11,0.2542,1.8806,4.0099,17.8298,29.9645,10.7878,0.141,48.97,98.0,6.38,0.005,0.0,0.1429,0.4526,307.7965,17.4062
UsersAll,2tnn_results,No,No,"[32, 64]",64,0.2,11,0.0589,0.7441,1.7664,10.2024,20.1028,6.5749,0.1347,31.05,84.0,6.36,0.0,0.0,0.0,0.0,295.7653,17.2187
UsersAll,2tnn_results,No,No,"[32, 64, 128]",64,0.01,3,0.4955,3.3486,5.8223,20.0604,29.76,11.8974,0.1836,4.41,40.0,3.5,0.0092,0.0,0.2859,0.8576,93.1093,18.4062
UsersAll,2tnn_results,No,No,"[32, 64, 128]",64,0.1,12,0.3002,1.9653,4.0633,17.7948,29.9608,10.8169,0.139,41.76,97.0,6.28,0.0258,0.0,0.1906,0.6193,371.5152,18.5156
UsersAll,2tnn_results,No,No,"[32, 64, 128]",64,0.2,12,0.0,0.151,0.2671,2.9544,7.2443,2.1234,0.1351,3.96,46.0,7.54,0.0,0.0,0.0,0.0,340.2027,18.1406
UsersAll,2tnn_results,Yes,No,"[32, 64]",64,0.01,20,0.3463,2.6008,5.1261,20.6683,33.5783,12.4639,0.1655,63.95,99.0,6.41,0.0033,0.0,0.0238,0.2382,879.5035,20.0625
UsersAll,2tnn_results,Yes,No,"[32, 64]",64,0.1,13,0.3131,2.2195,4.5275,19.6976,32.7071,11.8929,0.1382,46.72,98.0,6.37,0.0,0.0,0.0,0.0,568.7247,19.7047
UsersAll,2tnn_results,Yes,No,"[32, 64]",64,0.2,20,0.0774,0.5949,1.3188,6.1631,11.2394,3.8787,0.1267,27.59,56.99999999999999,7.55,0.2008,0.0238,0.0953,0.3573,840.8303,18.9218
UsersAll,2tnn_results,Yes,No,"[32, 64, 128]",64,0.01,20,0.3463,2.4534,4.9732,20.2483,32.8434,12.1729,0.1629,63.5,99.0,6.48,0.0858,0.0,0.5955,1.7389,939.5789,20.3906
UsersAll,2tnn_results,Yes,No,"[32, 64, 128]",64,0.1,18,0.361,2.249,4.4925,18.4064,30.716,11.245,0.1351,41.01,98.0,6.37,0.0125,0.0,0.0476,0.1906,848.8584,20.4062
UsersAll,2tnn_results,Yes,No,"[32, 64, 128]",64,0.2,4,0.0129,0.1934,0.3739,2.2011,5.0653,1.5693,0.1734,12.42,61.0,7.95,1.3583,0.5241,4.5736,5.5026,185.0779,20.2812
UsersAll,2tnn_results,No,Yes,"[32, 64]",64,0.01,6,0.2247,1.7498,3.6949,17.4136,29.5187,10.5203,0.183,35.05,97.0,6.27,0.0217,0.0,0.0476,0.1429,166.4217,21.8906
UsersAll,2tnn_results,No,Yes,"[32, 64]",64,0.1,3,0.291,1.5472,7.9682,19.4599,31.2317,12.0996,0.1774,9.91,86.0,5.69,0.0,6.2172,9.0519,9.4569,83.9061,21.8594
UsersAll,2tnn_results,No,Yes,"[32, 64]",64,0.2,20,0.0718,0.5342,1.1309,5.8297,11.5894,3.8312,0.1271,24.59,62.0,7.12,0.1917,0.0238,0.2382,0.7384,517.7181,21.8437

(batch size 1024 / 4096)
UsersEmotions,2tnn_results,No,No,[16],32,0.1,4,0.3264,2.4426,5.009,22.0396,35.5696,13.0774,0.1969,34.87,97.0,7.38,0.0,0.0,0.0,0.0,22.25,8.1719
UsersEmotions,2tnn_results,No,No,[32],32,0.1,4,0.3602,2.33,4.8289,21.9608,34.6916,12.8343,0.1983,34.62,97.0,7.32,0.0,0.0,0.0,0.0,20.8906,8.1406
UsersEmotions,2tnn_results,Yes,No,[16],32,0.1,4,0.529,3.253,6.3823,25.2701,37.9446,14.6758,0.1946,37.28,97.0,7.16,0.0025,0.0,0.0,0.3509,39.1562,8.4062
UsersEmotions,2tnn_results,Yes,No,[32],32,0.1,4,0.4502,3.0955,6.2922,24.0545,37.5957,14.2976,0.1953,42.87,98.0,7.21,0.0033,0.0,0.3509,0.8772,39.3281,8.5625
UsersEmotions,2tnn_results,No,Yes,[16],32,0.1,5,0.484,2.814,5.8195,22.9626,35.7722,13.5705,0.182,55.59,98.0,7.56,0.0,0.0,0.0,0.0,25.3125,12.8437
UsersEmotions,2tnn_results,No,Yes,[32],32,0.1,4,0.4052,2.7127,5.538,22.6475,34.8379,13.2283,0.1922,45.18,98.0,7.48,0.0,0.0,0.0,0.0,20.5312,12.75
UsersEmotions,2tnn_results,Yes,Yes,[16],32,0.1,4,0.6529,3.5907,6.7537,25.7429,38.2823,15.0045,0.199,47.33,98.0,7.13,0.0033,0.0,0.0,0.3509,39.7031,13.1719
UsersEmotions,2tnn_results,Yes,Yes,[32],32,0.1,4,0.4502,3.2193,6.6862,24.9325,37.8546,14.6285,0.199,49.44,98.0,7.22,0.0017,0.0,0.5263,1.5789,38.8281,12.6406
UsersAll,2tnn_results,No,No,[16],32,0.1,6,0.3923,2.6119,5.3416,22.0276,35.5418,13.183,0.1413,67.45,99.0,6.27,0.0,0.0,0.0,0.0,157.3123,13.5781
UsersAll,2tnn_results,No,No,[32],32,0.1,5,0.4163,2.5897,5.3453,21.6537,34.8161,12.9642,0.1446,65.4,99.0,6.24,0.0,0.0,0.0,0.0,131.4373,13.5781
UsersAll,2tnn_results,Yes,No,[16],32,0.1,6,0.4052,2.6155,5.3637,22.2431,36.0815,13.3418,0.1421,71.61,99.0,6.31,0.0008,0.0,0.0715,0.2382,297.6639,15.2031
UsersAll,2tnn_results,Yes,No,[32],32,0.1,4,0.4365,2.7868,5.6326,22.3591,35.7205,13.3871,0.1504,63.65,99.0,6.17,0.005,0.0,0.1191,0.6193,199.9601,15.2187
UsersAll,2tnn_results,No,Yes,[16],32,0.1,7,0.3371,2.3982,5.01,21.8784,35.7757,13.0799,0.1413,72.26,99.0,6.29,0.0,0.0,0.0,0.0,183.1873,18.0937
UsersAll,2tnn_results,No,Yes,[32],32,0.1,5,0.4439,2.6266,5.4558,22.0607,35.6744,13.2523,0.1434,68.35,99.0,6.25,0.0,0.0,0.0,0.0,131.8905,18.1406
UsersAll,2tnn_results,Yes,Yes,[16],32,0.1,6,0.3758,2.4571,5.1224,22.3039,36.2031,13.2924,0.1436,71.71,99.0,6.3,0.0,0.0,0.0476,0.262,299.0187,19.7656
UsersAll,2tnn_results,Yes,Yes,[32],32,0.1,4,0.4329,2.8053,5.7505,22.4291,35.9433,13.4722,0.1479,64.65,99.0,6.17,0.0,0.0,0.0476,0.3573,201.7417,19.875

(batch size 1200 / 1024)
UsersEmotions,2tnn_results,No,No,[16],32,0.1,5,0.4052,2.5439,5.3467,22.1072,34.7816,13.0369,0.1849,46.46,98.0,7.45,0.0,0.0,0.0,0.0,25.1875,7.4062
UsersEmotions,2tnn_results,No,No,[32],32,0.1,4,0.3377,2.4989,5.1891,22.1184,35.4795,13.1247,0.2001,32.05,97.0,7.29,0.0,0.0,0.0,0.0,19.5937,7.4375
UsersEmotions,2tnn_results,Yes,No,[16],32,0.1,4,0.4165,3.118,6.0671,24.6398,37.6745,14.3832,0.1932,38.97,98.0,7.15,0.0067,0.0,0.0,0.5263,39.5937,8.6094
UsersEmotions,2tnn_results,Yes,No,[32],32,0.1,4,0.6078,3.0392,6.281,24.1445,36.8303,14.1805,0.1952,41.03,98.0,7.21,0.0017,0.0,0.1754,0.5263,40.1406,8.6094
UsersEmotions,2tnn_results,No,Yes,[16],32,0.1,5,0.5516,3.0955,6.0558,23.1427,35.6484,13.6988,0.1827,56.46,98.0,7.51,0.0,0.0,0.0,0.0,24.2812,11.9844
UsersEmotions,2tnn_results,No,Yes,[32],32,0.1,4,0.5741,2.9716,5.8307,22.8388,35.5583,13.5547,0.1981,45.18,98.0,7.35,0.0,0.0,0.0,0.0,19.6406,12.2344
UsersEmotions,2tnn_results,Yes,Yes,[16],32,0.1,4,0.5065,3.4782,6.6974,24.3359,37.4043,14.4845,0.2012,46.62,98.0,7.24,0.0017,0.0,0.0,0.1754,39.75,13.2344
UsersEmotions,2tnn_results,Yes,Yes,[32],32,0.1,4,0.529,3.4106,6.3485,24.6398,38.1697,14.6195,0.1982,52.05,98.0,7.29,0.0,0.0,0.1754,0.3509,39.8281,13.2969
UsersAll,2tnn_results,No,No,[16],32,0.1,12,0.2689,2.0316,4.5275,21.2614,35.7168,12.7612,0.1336,78.17,99.0,6.46,0.0,0.0,0.0,0.0,314.9371,13.8906
UsersAll,2tnn_results,No,No,[32],32,0.1,5,0.4181,2.6008,5.3305,21.7403,35.2784,13.0736,0.145,65.45,99.0,6.22,0.0,0.0,0.0,0.0,132.2498,13.7812
UsersAll,2tnn_results,Yes,No,[16],32,0.1,5,0.3868,2.564,5.4153,22.3131,35.9986,13.3355,0.145,66.6,99.0,6.21,0.0008,0.0,0.0476,0.4764,270.2165,19.2968
UsersAll,2tnn_results,Yes,No,[32],32,0.1,5,0.35,2.6247,5.4908,22.1786,35.7868,13.2862,0.1451,70.41,99.0,6.24,0.0067,0.0238,0.0953,0.3335,269.4196,19.4087
UsersAll,2tnn_results,No,Yes,[16],32,0.1,7,0.3629,2.3485,5.1224,21.9613,35.9157,13.1421,0.1389,71.91,99.0,6.34,0.0,0.0,0.0,0.0,183.7185,18.2969
UsersAll,2tnn_results,No,Yes,[32],32,0.1,5,0.3979,2.7205,5.4134,22.0036,35.656,13.2383,0.144,68.0,99.0,6.23,0.0,0.0,0.0,0.0,132.3905,18.3594
UsersAll,2tnn_results,Yes,Yes,[16],32,0.1,6,0.3371,2.5308,5.2919,22.2339,36.2381,13.3263,0.1414,73.16,99.0,6.3,0.0,0.0,0.0238,0.1429,324.3121,24.1406
UsersAll,2tnn_results,Yes,Yes,[32],32,0.1,5,0.3629,2.5953,5.2661,22.1547,36.0686,13.2895,0.1448,70.86,99.0,6.25,0.0017,0.0,0.0715,0.4526,272.9997,24.0156

(batch size 512 / 1024)
UsersEmotions,2tnn_results,No,No,[16],32,0.1,4,0.4165,2.724,5.493,21.9833,35.2544,13.1742,0.1703,33.23,97.0,7.25,0.0,0.0,0.0,0.0,31.2968,8.0781
UsersEmotions,2tnn_results,No,No,[32],32,0.1,4,0.3715,2.4088,5.1328,21.7582,34.8604,12.9063,0.1749,36.56,97.0,7.33,0.0,0.0,0.0,0.0,30.0312,7.5156
UsersEmotions,2tnn_results,Yes,No,[16],32,0.1,4,0.6078,3.0279,6.2472,24.5385,38.0009,14.4845,0.1737,43.69,98.0,7.16,0.0025,0.0,0.1754,0.3509,70.0468,8.6406
UsersEmotions,2tnn_results,Yes,No,[32],32,0.1,4,0.3715,3.0617,6.1796,23.8294,36.4813,13.9847,0.1729,43.13,98.0,7.21,0.015,0.0,0.1754,0.5263,72.3437,8.6094
UsersEmotions,2tnn_results,No,Yes,[16],32,0.1,4,0.6303,3.0729,6.1346,23.7393,36.9316,14.1018,0.1718,43.49,98.0,7.29,0.0,0.0,0.0,0.0,29.8437,11.9531
UsersEmotions,2tnn_results,No,Yes,[32],32,0.1,4,0.5741,3.0729,6.1684,22.9289,35.5358,13.656,0.1788,46.97,98.0,7.34,0.0,0.0,0.0,0.0,30.0156,12.1719
UsersEmotions,2tnn_results,Yes,Yes,[16],32,0.1,4,0.6303,3.602,6.8888,25.5065,38.2485,14.9752,0.1787,50.72,98.0,7.2,0.005,0.0,0.1754,0.3509,70.5937,13.1406
UsersEmotions,2tnn_results,Yes,Yes,[32],32,0.1,4,0.5516,3.4106,6.9563,25.3152,38.1247,14.8717,0.1739,51.85,98.0,7.2,0.0017,0.0,0.3509,0.8772,70.5468,13.4375
UsersAll,2tnn_results,No,No,[16],32,0.1,7,0.3739,2.4461,5.1353,21.7752,35.3687,13.0198,0.1324,70.71,99.0,6.33,0.0,0.0,0.0,0.0,286.1715,13.7187
UsersAll,2tnn_results,No,No,[32],32,0.1,5,0.4107,2.7242,5.4318,21.7495,35.1292,13.0891,0.1379,64.75,99.0,6.25,0.0,0.0,0.0,0.0,206.3591,13.7031
UsersAll,2tnn_results,Yes,No,[16],32,0.1,5,0.4384,2.7242,5.581,22.4052,35.8918,13.4081,0.138,67.05,99.0,6.26,0.0042,0.0,0.1191,0.405,488.4914,19.25
UsersAll,2tnn_results,Yes,No,[32],32,0.1,5,0.3794,2.5511,5.5147,22.3131,35.9599,13.3436,0.1379,69.2,99.0,6.27,0.0025,0.0,0.1906,0.4526,492.9155,19.4375
UsersAll,2tnn_results,No,Yes,[16],32,0.1,5,0.4034,2.634,5.4558,22.1142,35.6026,13.242,0.1367,67.2,99.0,6.22,0.0,0.0,0.0,0.0,206.5349,18.4531
UsersAll,2tnn_results,No,Yes,[32],32,0.1,5,0.3886,2.5676,5.2679,21.7881,35.1937,13.0412,0.1376,67.45,99.0,6.24,0.0,0.0,0.0,0.0,208.2341,18.4062
UsersAll,2tnn_results,Yes,Yes,[16],32,0.1,6,0.3444,2.5124,5.2716,22.0368,35.9839,13.2298,0.1343,72.81,99.0,6.32,0.0008,0.0,0.0476,0.2382,592.5618,23.9375
UsersAll,2tnn_results,Yes,Yes,[32],32,0.1,5,0.3721,2.5842,5.4779,22.4881,35.8623,13.3569,0.1375,70.91,99.0,6.25,0.0017,0.0,0.1191,0.4526,496.2807,23.9844

(batch size 64 / 4096)
UsersEmotions,2tnn_results,No,No,[16],32,0.1,4,0.5516,2.5326,5.1216,21.6119,34.2188,12.8073,0.1469,32.36,97.0,7.34,0.0,0.0,0.0,0.0,178.5989,7.3437
UsersEmotions,2tnn_results,No,No,[32],32,0.1,4,0.5966,2.6002,5.1666,20.5988,32.778,12.348,0.147,32.41,97.0,7.34,0.0,0.0,0.0,0.0,178.1092,7.375
UsersEmotions,2tnn_results,Yes,No,[16],32,0.1,4,0.6641,3.1742,6.6412,24.561,37.3143,14.471,0.1464,40.77,98.0,7.09,0.0308,0.0,0.0,0.5263,452.4682,7.9375
UsersEmotions,2tnn_results,Yes,No,[32],32,0.1,4,0.5516,3.2418,6.2022,23.548,36.5826,14.0252,0.1456,43.69,98.0,7.14,0.0108,0.0,0.3509,0.8772,453.687,8.0781
UsersEmotions,2tnn_results,No,Yes,[16],32,0.1,4,0.7091,3.1517,6.2247,23.2215,35.3895,13.7393,0.1461,43.28,98.0,7.21,0.0,0.0,0.0,0.0,176.2581,11.8437
UsersEmotions,2tnn_results,No,Yes,[32],32,0.1,4,0.6191,2.9941,6.1346,22.1522,34.8267,13.3453,0.1479,45.49,98.0,7.24,0.0,0.0,0.0,0.0,176.6378,11.8281
UsersEmotions,2tnn_results,Yes,Yes,[16],32,0.1,4,0.5966,3.602,6.81,24.7073,37.6407,14.6713,0.1463,48.51,98.0,7.13,0.0225,0.0,0.1754,0.5263,452.001,12.4375
UsersEmotions,2tnn_results,Yes,Yes,[32],32,0.1,4,0.7204,3.6245,6.9113,24.2008,36.7402,14.4394,0.1479,50.51,98.0,7.24,0.0192,0.0,0.0,0.7018,455.2151,12.5156

(RSMProp) (batch size 2048 / 4096)
UsersEmotions,2tnn_results,No,No,[16],32,0.05,4,0.2589,1.7109,3.6357,16.5916,28.4331,10.1261,0.2289,34.15,96.0,7.83,0.0,0.0,0.0,0.0,21.7031,7.4531
UsersEmotions,2tnn_results,No,No,[16],32,0.1,5,0.1688,0.9793,1.9698,11.1774,20.9928,7.0576,0.1842,43.74,97.0,8.68,0.0,0.0,0.0,0.0,25.0781,7.3437
UsersEmotions,2tnn_results,No,No,[16],32,0.2,5,0.09,0.5853,1.2607,6.6186,12.0441,4.1198,0.2336,31.79,94.0,8.14,0.0,0.0,0.0,0.0,25.2812,7.3906
UsersEmotions,2tnn_results,No,No,[32],32,0.05,4,0.1576,1.2157,2.6902,14.5092,26.891,9.0928,0.1808,42.77,97.0,7.87,0.0,0.0,0.0,0.0,20.6093,7.3906
UsersEmotions,2tnn_results,No,No,[32],32,0.1,8,0.0563,0.7992,2.0261,12.5732,22.5124,7.5934,0.2668,66.62,99.0,8.35,0.0,0.0,0.0,0.0,39.1406,7.4062
UsersEmotions,2tnn_results,No,No,[32],32,0.2,8,0.1126,1.0243,2.2175,10.8735,19.8447,6.8145,0.2176,36.56,94.0,7.34,0.0,0.0,0.0,0.0,39.2812,7.625
UsersEmotions,2tnn_results,Yes,No,[16],32,0.05,4,0.2814,2.2287,4.8402,19.4845,31.5511,11.6772,0.2034,41.64,97.0,7.38,0.0,0.0,0.0,0.1754,31.363,8.0
UsersEmotions,2tnn_results,Yes,No,[16],32,0.1,4,0.1914,1.1481,2.4989,12.1454,22.9626,7.7893,0.2116,43.13,97.0,8.1,0.0008,0.0,0.0,0.0,31.5937,8.0
UsersEmotions,2tnn_results,Yes,No,[16],32,0.2,8,0.2026,1.5646,3.1742,14.4529,25.0901,8.8969,0.217,36.56,96.0,7.27,0.0017,0.0,0.0,0.3509,60.1577,7.9844
UsersEmotions,2tnn_results,Yes,No,[32],32,0.05,4,0.1576,2.0824,3.9622,18.2913,30.8982,11.0783,0.2306,50.31,98.0,7.43,0.0,0.0,0.0,0.0,31.5468,8.0156
UsersEmotions,2tnn_results,Yes,No,[32],32,0.1,5,0.1801,1.3958,2.9829,14.1265,24.4822,8.6335,0.2143,56.05,98.0,8.13,0.0058,0.0,0.3509,1.2281,38.5312,8.0
UsersEmotions,2tnn_results,Yes,No,[32],32,0.2,5,0.2139,1.5196,2.769,13.1697,22.7262,8.0797,0.2451,39.38,93.0,7.05,0.0,0.0,0.0,0.0,38.9843,8.0625
UsersEmotions,2tnn_results,No,Yes,[16],32,0.05,6,0.2589,1.7672,3.6132,17.751,30.1328,10.7046,0.1684,60.31,98.0,8.01,0.0,0.0,0.0,0.0,29.0781,11.875
UsersEmotions,2tnn_results,No,Yes,[16],32,0.1,4,0.1463,0.8667,2.0824,11.2562,20.2274,6.9158,0.2081,46.1,97.0,8.69,0.0,0.0,0.0,0.0,20.2656,11.9219
UsersEmotions,2tnn_results,No,Yes,[16],32,0.2,8,0.2364,1.5871,3.2643,13.6087,23.5367,8.4466,0.2165,41.18,95.0,7.29,0.0,0.0,0.0,0.0,38.2968,11.875
UsersEmotions,2tnn_results,No,Yes,[32],32,0.05,9,0.09,1.0468,2.7127,14.2954,25.6754,8.7641,0.1679,70.92,99.0,8.12,0.0,0.0,0.0,0.0,42.7678,11.875
UsersEmotions,2tnn_results,No,Yes,[32],32,0.1,9,0.1238,0.9455,2.2738,12.6069,23.5029,7.8906,0.2095,70.0,99.0,8.4,0.0,0.0,0.0,0.0,42.5468,11.8594
UsersEmotions,2tnn_results,No,Yes,[32],32,0.2,6,0.0788,1.0581,2.2625,15.7249,29.7389,9.7726,0.223,19.03,76.0,6.38,0.0,0.0,0.0,0.0,29.4375,12.0469
UsersEmotions,2tnn_results,Yes,Yes,[16],32,0.05,4,0.3152,2.0824,4.2999,19.5182,31.2472,11.4926,0.1787,50.56,98.0,7.67,0.0,0.0,0.0,0.1754,31.5781,12.6093
UsersEmotions,2tnn_results,Yes,Yes,[16],32,0.1,7,0.2364,2.2062,4.3787,18.3926,29.7163,10.986,0.2085,59.13,98.0,7.97,0.0,0.0,0.0,0.1754,52.9534,12.4531
UsersEmotions,2tnn_results,Yes,Yes,[16],32,0.2,3,0.1013,1.0131,2.2175,10.4908,18.9667,6.5579,0.5087,32.46,88.0,7.45,0.0,0.0,0.0,0.0,24.8593,12.5781
UsersEmotions,2tnn_results,Yes,Yes,[32],32,0.05,7,0.1351,1.4633,3.4219,16.2652,28.9397,10.045,0.1644,65.79,99.0,7.88,0.0,0.0,0.0,0.1754,53.1874,12.4687
UsersEmotions,2tnn_results,Yes,Yes,[32],32,0.1,5,0.09,1.4408,3.1968,16.0626,27.5777,9.6736,0.2081,58.1,98.0,8.0,0.0,0.0,0.0,0.0,38.9543,12.4844
UsersEmotions,2tnn_results,Yes,Yes,[32],32,0.2,8,0.2251,1.5759,3.1855,13.9239,24.077,8.5975,0.5123,18.26,86.0,6.44,0.0,0.0,0.0,0.0,60.6718,12.5937
UsersAll,2tnn_results,No,No,[16],32,0.05,5,0.3629,2.4092,4.8995,19.7657,31.5485,11.7972,0.1393,45.07,97.0,6.08,0.0,0.0,0.0,0.0,132.2498,13.5469
UsersAll,2tnn_results,No,No,[16],32,0.1,7,0.291,1.7185,3.5936,16.5313,28.4614,10.1192,0.1901,46.32,98.0,6.41,0.0,0.0,0.0,0.0,183.1248,13.5312
UsersAll,2tnn_results,No,No,[16],32,0.2,4,0.1842,1.188,2.4792,10.8968,19.3752,6.8247,0.2158,16.68,88.0,5.35,0.0,0.0,0.0,0.0,106.4217,13.5625
UsersAll,2tnn_results,No,No,[32],32,0.05,5,0.3039,1.969,4.242,19.1892,32.0145,11.5437,0.146,50.38,98.0,6.32,0.0,0.0,0.0,0.0,132.2186,13.6406
UsersAll,2tnn_results,No,No,[32],32,0.1,10,0.2505,1.7498,3.7483,17.1981,29.8613,10.5616,0.1851,55.88,98.0,6.15,0.0,0.0,0.4764,1.9533,262.4059,13.625
UsersAll,2tnn_results,No,No,[32],32,0.2,6,0.1179,1.0223,2.214,11.4715,22.1215,7.3894,0.2095,24.34,89.0,5.18,0.0,0.0,0.0238,0.0953,162.4998,13.6094
UsersAll,2tnn_results,Yes,No,[16],32,0.05,4,0.4513,2.6026,4.9382,19.9646,32.4768,12.0867,0.14,45.47,97.0,6.16,0.0,0.0,0.0476,0.262,164.1248,15.2344
UsersAll,2tnn_results,Yes,No,[16],32,0.1,3,0.2284,1.5896,3.3284,15.288,25.8459,9.256,0.2186,35.15,96.0,6.3,0.0,0.0,0.0238,0.1906,124.5936,15.1875
UsersAll,2tnn_results,Yes,No,[16],32,0.2,12,0.1768,1.527,3.1571,14.5733,25.448,8.9764,0.2076,45.82,97.0,5.78,0.3742,0.1667,1.9295,4.8833,489.6557,15.2812
UsersAll,2tnn_results,Yes,No,[32],32,0.05,4,0.3665,2.4129,4.9124,20.1636,32.8563,12.1423,0.1474,47.87,98.0,6.03,0.0008,0.0,0.0953,0.5479,165.3748,15.2968
UsersAll,2tnn_results,Yes,No,[32],32,0.1,7,0.3002,2.1753,4.3635,17.176,28.7119,10.5454,0.189,59.09,98.0,6.16,0.0358,0.1191,1.1196,2.9061,286.2028,15.2812
UsersAll,2tnn_results,Yes,No,[32],32,0.2,5,0.2468,1.6319,3.286,14.2049,24.8273,8.8394,0.2236,16.12,77.0,4.35,0.0,0.0,0.0,0.0,207.9685,15.3906
UsersAll,2tnn_results,No,Yes,[16],32,0.05,4,0.396,2.4369,4.9032,20.1249,32.9613,12.1644,0.1399,43.92,98.0,6.12,0.0,0.0,0.0,0.0,106.2811,18.1406
UsersAll,2tnn_results,No,Yes,[16],32,0.1,3,0.0847,0.9891,2.3853,13.5529,25.0262,8.4077,0.1868,30.6,94.0,6.37,0.0,0.0,0.0,0.0,80.1562,18.0625
UsersAll,2tnn_results,No,Yes,[16],32,0.2,3,0.0479,0.7018,1.8032,11.0092,20.1654,6.7455,0.2848,14.57,85.0,5.47,0.0,0.0,0.0,0.0,80.703,18.1406
UsersAll,2tnn_results,No,Yes,[32],32,0.05,4,0.3592,2.2674,4.6638,19.7565,32.8305,11.9755,0.1503,43.77,97.0,6.08,0.0,0.0,0.0,0.0,107.5155,18.2031
UsersAll,2tnn_results,No,Yes,[32],32,0.1,4,0.1584,1.2544,2.8771,14.3652,25.5917,8.8493,0.1874,40.31,96.0,5.79,0.0,0.0,0.0,0.0,106.7811,18.2031
UsersAll,2tnn_results,No,Yes,[32],32,0.2,3,0.1308,0.9744,2.074,9.8819,18.9663,6.4055,0.216,23.08,80.0,5.05,0.0,0.0,0.0,0.0,83.6718,18.2656
UsersAll,2tnn_results,Yes,Yes,[16],32,0.05,4,0.4273,2.8145,5.4447,21.1858,33.9025,12.755,0.1468,47.17,97.0,6.06,0.0008,0.0,0.1191,0.4764,165.0779,19.7656
UsersAll,2tnn_results,Yes,Yes,[16],32,0.1,8,0.3242,2.0077,3.9749,16.6363,28.2515,10.2389,0.185,52.73,98.0,6.29,0.0642,0.0,0.6432,2.3583,325.6246,19.75
UsersAll,2tnn_results,Yes,Yes,[16],32,0.2,5,0.1676,1.1641,2.3835,12.2599,23.2654,7.8481,0.2064,29.39,92.0,4.99,0.0917,0.1429,0.3573,0.6432,206.7654,19.7812
UsersAll,2tnn_results,Yes,Yes,[32],32,0.05,4,0.3886,2.5437,5.1371,20.1967,32.8029,12.2138,0.1358,52.98,98.0,6.18,0.0,0.0,0.0476,0.1906,166.1248,19.7812

adam
UsersEmotions,2tnn_results,No,No,[16],32,0.05,7,0.2589,1.9586,3.9509,16.4678,28.2756,10.1824,0.1543,45.64,97.0,8.03,0.0,0.0,0.0,0.0,37.2343,7.5156
UsersEmotions,2tnn_results,No,No,[16],32,0.1,5,0.1576,1.0356,2.3188,11.1549,20.1936,6.9721,0.1563,42.62,97.0,8.48,0.0,0.0,0.0,0.0,26.0,7.4688
UsersEmotions,2tnn_results,No,No,[16],32,0.2,12,0.0338,0.7767,1.8798,10.941,20.475,6.8213,0.2272,37.28,95.0,8.61,0.0,0.0,0.0,0.0,59.9374,7.5469
UsersEmotions,2tnn_results,No,No,[32],32,0.05,4,0.2364,1.4183,3.0617,15.8037,27.9941,9.7028,0.1526,46.15,97.0,7.9,0.0,0.0,0.0,0.0,21.25,7.6875
UsersEmotions,2tnn_results,No,No,[32],32,0.1,5,0.1238,1.1031,2.3976,12.4381,21.792,7.5709,0.1489,50.0,97.0,8.4,0.0,0.0,0.0,0.0,25.8437,7.6094
UsersEmotions,2tnn_results,No,No,[32],32,0.2,7,0.0563,0.529,1.3282,7.8118,14.9932,4.9437,0.2229,47.28,97.0,8.86,0.0,0.0,0.0,0.0,35.3906,7.5
UsersEmotions,2tnn_results,Yes,No,[16],32,0.05,4,0.3264,2.1162,4.3899,19.0455,31.0446,11.3845,0.1534,38.21,97.0,7.55,0.0008,0.0,0.1754,0.1754,32.3906,7.9219
UsersEmotions,2tnn_results,Yes,No,[16],32,0.1,3,0.2927,1.6997,3.3881,15.9388,27.4088,9.7456,0.1757,30.46,94.0,7.38,0.0025,0.0,0.1754,0.7018,25.5468,8.0937
UsersEmotions,2tnn_results,Yes,No,[16],32,0.2,7,0.1238,1.0468,2.2625,10.9185,20.0585,6.882,0.1814,43.95,96.0,8.42,0.0,0.0,0.0,0.8772,54.6718,8.0781
UsersEmotions,2tnn_results,Yes,No,[32],32,0.05,3,0.3039,2.4088,4.9977,19.8109,31.6749,11.8393,0.1596,26.67,94.0,6.95,0.0025,0.0,0.1754,0.7018,25.75,8.2031
UsersEmotions,2tnn_results,Yes,No,[32],32,0.1,3,0.2251,1.801,3.5232,14.7681,25.2364,9.1108,0.1964,38.36,96.0,7.59,0.0,0.0,0.1754,0.1754,25.3593,8.25
UsersEmotions,2tnn_results,Yes,No,[32],32,0.2,8,0.1688,1.2269,2.5439,11.8865,21.6231,7.4899,0.2103,50.21,97.0,8.16,0.0,0.0,0.1754,0.1754,62.5156,8.1406
UsersEmotions,2tnn_results,No,Yes,[16],32,0.05,6,0.3827,1.9586,4.0635,18.1225,30.4255,10.9905,0.1465,52.62,98.0,7.82,0.0,0.0,0.0,0.0,30.5468,11.9687
UsersEmotions,2tnn_results,No,Yes,[16],32,0.1,5,0.1351,0.9455,2.0149,10.6934,20.6213,6.882,0.1462,44.0,97.0,8.4,0.0,0.0,0.0,0.0,25.3906,12.25
UsersEmotions,2tnn_results,No,Yes,[16],32,0.2,8,0.3264,1.8573,3.9509,19.2031,31.7987,11.4273,0.2082,44.41,97.0,7.72,0.0,0.0,0.0,0.0,39.1093,11.9062
UsersEmotions,2tnn_results,No,Yes,[32],32,0.05,9,0.2251,1.891,4.0185,17.4246,29.9302,10.6979,0.149,61.18,98.0,7.76,0.0,0.0,0.0,0.0,43.9374,11.9062
UsersEmotions,2tnn_results,No,Yes,[32],32,0.1,7,0.2814,1.6772,3.5795,14.4755,25.0788,9.0185,0.1495,52.36,98.0,7.94,0.0,0.0,0.0,0.0,34.5625,12.0937
UsersEmotions,2tnn_results,No,Yes,[32],32,0.2,13,0.1576,1.6209,3.208,15.905,27.6452,9.7073,0.8698,55.95,98.0,7.95,0.0,0.0,0.0,0.0,63.2655,11.9531
UsersEmotions,2tnn_results,Yes,Yes,[16],32,0.05,3,0.394,2.7915,5.3467,20.3962,32.0576,12.1972,0.1685,30.67,95.0,7.25,0.0067,0.0,0.1754,0.1754,25.625,12.5156
UsersEmotions,2tnn_results,Yes,Yes,[16],32,0.1,3,0.3264,2.0599,3.9172,17.0756,28.3656,10.3489,0.1736,36.56,95.0,7.36,0.0017,0.0,0.3509,1.2281,24.8281,12.3906
UsersEmotions,2tnn_results,Yes,Yes,[16],32,0.2,6,0.2364,1.6547,3.6245,15.421,25.7429,9.3359,0.2092,44.92,97.0,7.92,0.0,0.0,0.0,0.1754,47.0312,12.7344
UsersEmotions,2tnn_results,Yes,Yes,[32],32,0.05,3,0.439,2.6565,5.1891,20.7564,32.1139,12.231,0.1917,33.9,96.0,7.21,0.02,0.0,0.1754,2.2807,25.0,12.5156
UsersEmotions,2tnn_results,Yes,Yes,[32],32,0.1,6,0.2589,1.317,3.0955,13.4286,23.6718,8.3543,0.1459,58.0,98.0,8.07,0.0008,0.0,0.0,0.0,46.5338,12.3125
UsersEmotions,2tnn_results,Yes,Yes,[32],32,0.2,9,0.3377,1.9136,3.9397,16.7154,27.6002,10.1013,68.5067,58.31,98.0,7.73,0.0308,0.0,0.3509,1.5789,67.953,12.4844
UsersAll,2tnn_results,No,No,[16],32,0.05,4,0.3389,2.0777,4.0854,17.7396,29.9534,10.839,0.1253,39.96,97.0,6.33,0.0,0.0,0.0,0.0,112.4686,11.6406
UsersAll,2tnn_results,No,No,[16],32,0.1,4,0.1621,1.2046,2.7721,14.2989,25.4462,8.7768,0.128,38.06,96.0,6.59,0.0,0.0,0.0,0.0,111.3905,11.5625
UsersAll,2tnn_results,No,No,[16],32,0.2,9,0.1602,1.2967,2.8642,13.6652,24.0961,8.4165,0.1668,43.82,96.0,6.51,0.0,0.0,0.0,0.0,245.7653,11.0
UsersAll,2tnn_results,No,No,[32],32,0.05,3,0.1897,1.3207,2.9876,15.5164,28.4633,9.6955,0.1273,34.5,96.0,6.46,0.0,0.0,0.0,0.0,81.4062,11.0
UsersAll,2tnn_results,No,No,[32],32,0.1,5,0.1418,1.177,2.5253,13.1514,23.7774,8.1546,0.1325,46.57,97.0,6.74,0.0,0.0,0.0,0.0,134.203,11.0312
UsersAll,2tnn_results,No,No,[32],32,0.2,4,0.1253,1.1807,2.6155,13.0998,23.8953,8.1833,5.2913,38.71,95.0,6.61,0.0,0.0,0.0,0.0,109.2342,11.0781
UsersAll,2tnn_results,Yes,No,[16],32,0.05,4,0.3334,2.249,4.4667,18.8853,30.9904,11.3849,0.1252,48.22,98.0,6.29,0.0,0.0,0.0715,0.3335,167.1248,12.625
UsersAll,2tnn_results,Yes,No,[16],32,0.1,6,0.2892,1.7756,3.5881,15.1793,25.8091,9.3282,0.1309,45.32,97.0,6.52,0.0,0.0,0.0,0.0238,252.4997,12.6562
UsersAll,2tnn_results,Yes,No,[16],32,0.2,7,0.3426,2.133,4.2917,17.5738,29.399,10.748,0.1871,43.57,97.0,6.24,0.175,0.3335,3.859,8.0276,295.9528,12.7969
UsersAll,2tnn_results,Yes,No,[32],32,0.05,4,0.3371,2.2195,4.404,17.8593,30.1063,10.9852,0.1258,51.38,98.0,6.45,0.0,0.0,0.0238,0.1191,168.3904,12.625
UsersAll,2tnn_results,Yes,No,[32],32,0.1,5,0.2081,1.3851,2.8587,14.1423,25.0686,8.7326,0.1265,50.58,97.0,6.68,0.0,0.0,0.0,0.0953,211.5678,12.7031
UsersAll,2tnn_results,Yes,No,[32],32,0.2,4,0.2155,1.3796,2.9913,14.1994,25.2196,8.8011,0.1458,40.71,96.0,6.58,0.005,0.0,0.2144,1.2387,171.281,12.7187
UsersAll,2tnn_results,No,Yes,[16],32,0.05,4,0.291,1.9874,4.1167,18.2627,30.6312,11.0578,0.1254,42.96,97.0,6.35,0.0,0.0,0.0,0.0,107.3749,15.4531
UsersAll,2tnn_results,No,Yes,[16],32,0.1,5,0.2413,1.8419,3.7815,17.4007,29.5998,10.573,0.1295,43.57,97.0,6.42,0.0,0.0,0.0,0.0,133.9998,15.4687
UsersAll,2tnn_results,No,Yes,[16],32,0.2,7,0.1952,1.3704,2.9434,14.6746,26.0596,9.0486,1.0551,50.43,98.0,6.36,0.0,0.0,0.0,0.0,186.656,15.4062
UsersAll,2tnn_results,No,Yes,[32],32,0.05,4,0.2689,1.7056,3.5254,16.476,28.8777,10.1707,0.1304,47.32,98.0,6.47,0.0,0.0,0.0,0.0,108.578,15.5
UsersAll,2tnn_results,No,Yes,[32],32,0.1,4,0.0995,0.932,2.2195,11.8823,22.0239,7.4314,0.1277,47.32,97.0,6.76,0.0,0.0,0.0,0.0,108.6717,15.4531
UsersAll,2tnn_results,No,Yes,[32],32,0.2,9,0.2413,1.6504,3.4739,16.2255,28.0286,9.9239,0.1839,46.47,97.0,6.25,0.0,0.0,0.0,0.0,242.5778,15.5156
UsersAll,2tnn_results,Yes,Yes,[16],32,0.05,4,0.3758,2.4903,4.9327,19.18,31.2796,11.6517,0.1253,47.92,98.0,6.28,0.0008,0.0,0.0,0.2144,167.9373,17.4062
UsersAll,2tnn_results,Yes,Yes,[16],32,0.1,3,0.291,1.6025,3.2197,14.332,25.4536,8.9798,0.1274,40.56,96.0,6.55,0.0017,0.0,0.0953,0.262,126.3592,17.5
UsersAll,2tnn_results,Yes,Yes,[16],32,0.2,7,0.3592,2.1311,4.0983,17.4357,29.2369,10.6522,0.1838,44.87,97.0,6.28,0.0158,0.0,0.5955,1.7627,296.484,17.25
UsersAll,2tnn_results,Yes,Yes,[32],32,0.05,3,0.3481,2.1661,4.4354,18.178,30.447,11.1149,0.1247,43.87,97.0,6.37,0.0067,0.0,0.1906,0.8576,128.2186,17.2187
UsersAll,2tnn_results,Yes,Yes,[32],32,0.1,3,0.1897,1.4828,3.0779,14.7354,26.0817,9.1135,0.1293,47.07,97.0,6.52,0.0,0.0,0.0953,0.3097,128.0311,17.1875
UsersAll,2tnn_results,Yes,Yes,[32],32,0.2,4,0.2431,1.8069,3.8386,17.5885,29.4229,10.58,0.184,43.47,97.0,6.39,0.0183,0.0,0.4288,1.858,172.4373,17.4219

FINAL TESTING !!!!
UsersEmotions,2tnn_results,No,No,[32],64,0.01,6,0.3698,2.3281,4.7795,19.6658,32.9499,12.0186,0.203,9.9,90.0,6.92,0.0,0.0,0.0,0.0,31.2187,10.0469
UsersEmotions,2tnn_results,No,Yes,[16],32,0.1,4,0.4108,2.7253,5.7655,21.5831,33.7579,12.8485,0.1951,39.44,97.0,7.29,0.0,0.0,0.0,0.0,19.9375,11.8594
UsersEmotions,2tnn_results,Yes,No,[32],32,0.1,4,0.4656,3.054,5.9162,23.0074,35.9491,13.6784,0.197,42.56,98.0,7.2,0.0033,0.0,0.1754,0.8772,30.7812,7.8125
UsersEmotions,2tnn_results,Yes,Yes,[16],32,0.1,4,0.4519,3.095,6.4366,23.925,36.3599,14.0537,0.1954,43.69,98.0,7.27,0.0,0.0,0.0,0.1754,31.7031,13.25
UsersAll,2tnn_results,No,No,[32],32,0.1,5,0.3721,2.5017,5.01,21.3881,35.3039,12.9151,0.1519,65.35,99.0,6.13,0.0,0.0,0.0,0.0,132.5467,13.3437
UsersAll,2tnn_results,No,Yes,[16],32,0.1,5,0.418,2.6089,5.2573,21.7777,35.4046,13.0933,0.1487,65.1,99.0,6.13,0.0,0.0,0.0,0.0,131.9998,17.7812
UsersAll,2tnn_results,Yes,No,[16],16,0.1,6,0.4093,2.7009,5.3054,21.5654,35.7504,13.1463,0.1465,65.75,99.0,6.09,0.0033,0.0,0.0476,0.1667,246.2966,13.0937
UsersAll,2tnn_results,Yes,Yes,[32],16,0.1,8,0.3196,2.3003,4.8655,21.6266,35.9583,13.0141,0.1446,75.41,99.0,6.26,0.0008,0.0,0.0238,0.3573,314.6246,16.7812
